Feature 1,Feature 2,Coefficient,P-value
gender_rate,gender_distribution,1.0,0.009900990099009901
num_types,is_dual_type,0.9999999999999999,0.009900990099009901
genus,ability_2,0.8632502163876502,0.009900990099009901
genus,hidden_ability,0.8383167907860882,0.009900990099009901
genus,ability_1,0.8283951455857657,0.009900990099009901
ability_2,hidden_ability,0.7709102448839937,0.009900990099009901
ability_1,ability_2,0.7578875878491299,0.009900990099009901
ability_1,hidden_ability,0.7052986530641833,0.009900990099009901
genus,egg_groups,0.6872655041135556,0.009900990099009901
base_experience,stat_tier,0.6393661450882179,0.009900990099009901
genus,type_2,0.6377179111662252,0.009900990099009901
base_stat_total,stat_tier,0.6364797364697329,0.009900990099009901
ability_2,egg_groups,0.6353396387084048,0.009900990099009901
type_2,ability_2,0.6288273520245834,0.009900990099009901
genus,type_1,0.6169324547413352,0.009900990099009901
base_stat_total,base_experience,0.5993905764966058,0.009900990099009901
ability_1,egg_groups,0.585866615353359,0.009900990099009901
genus,habitat,0.5806782987083493,0.009900990099009901
type_1,ability_2,0.5766990656277093,0.009900990099009901
genus,bmi,0.576405571902565,0.009900990099009901
genus,attack_defense_ratio,0.5630546542473615,0.009900990099009901
hidden_ability,egg_groups,0.5575676490632527,0.009900990099009901
genus,shape,0.5449863889775134,0.009900990099009901
type_2,hidden_ability,0.5444869063542845,0.009900990099009901
ability_2,habitat,0.5437325544720308,0.009900990099009901
type_2,ability_1,0.5395252285090121,0.009900990099009901
genus,generation,0.5371858510999833,0.009900990099009901
genus,offensive_total,0.5364415799783725,0.25742574257425743
genus,hp,0.5358512419166573,0.04950495049504951
type_1,ability_1,0.5353045930880153,0.009900990099009901
genus,sp_defense,0.5343992328583697,0.37623762376237624
genus,physical_total,0.5329184980919388,0.297029702970297
genus,defense,0.5305899581177904,0.4158415841584158
genus,special_total,0.5298109475891889,0.22772277227722773
genus,color,0.5294080998386925,0.009900990099009901
genus,speed,0.5282636356093444,0.039603960396039604
genus,sp_attack,0.5271676627131162,0.42574257425742573
genus,attack,0.5267322007941128,0.39603960396039606
genus,height_m,0.5252811457198766,0.21782178217821782
genus,weight_kg,0.5249715494040853,0.019801980198019802
genus,defensive_total,0.523979708432711,0.6435643564356436
genus,base_stat_total,0.5207458420768142,0.009900990099009901
genus,capture_rate,0.4889134364220579,0.009900990099009901
type_1,hidden_ability,0.48854519787981776,0.009900990099009901
genus,base_experience,0.48831567425452704,0.009900990099009901
genus,hatch_counter,0.470497849100022,0.009900990099009901
hidden_ability,habitat,0.4656087099828689,0.009900990099009901
ability_1,habitat,0.4502281855474357,0.009900990099009901
type_1,egg_groups,0.44911880627864254,0.009900990099009901
genus,growth_rate,0.4343638881351785,0.009900990099009901
ability_2,shape,0.43211490925536866,0.009900990099009901
type_1,habitat,0.42152676808491074,0.009900990099009901
ability_2,color,0.4181168383130073,0.009900990099009901
habitat,egg_groups,0.4176375918541847,0.009900990099009901
genus,gender_rate,0.411718100493765,0.009900990099009901
genus,gender_distribution,0.411718100493765,0.009900990099009901
ability_2,bmi,0.40482199127188345,0.009900990099009901
generation,ability_2,0.4026477307630753,0.009900990099009901
shape,egg_groups,0.3945342194116857,0.009900990099009901
type_2,egg_groups,0.39056098782232224,0.009900990099009901
ability_2,attack_defense_ratio,0.3875211765216823,0.009900990099009901
genus,base_happiness,0.38690150333271633,0.009900990099009901
genus,stat_tier,0.3742997743639428,0.0297029702970297
ability_1,shape,0.3737393808221815,0.009900990099009901
ability_1,bmi,0.3637250015651181,0.009900990099009901
height_m,weight_kg,0.3615329016811586,0.009900990099009901
ability_1,color,0.3608942890334991,0.009900990099009901
hidden_ability,bmi,0.3537556277916206,0.009900990099009901
ability_1,hatch_counter,0.35365413245981264,0.009900990099009901
defense,ability_2,0.3490968835219103,0.6633663366336634
hidden_ability,color,0.34762472010394996,0.009900990099009901
ability_1,gender_rate,0.34735903712188326,0.009900990099009901
ability_1,gender_distribution,0.34735903712188326,0.009900990099009901
hidden_ability,shape,0.34462950128897596,0.009900990099009901
sp_attack,special_total,0.3431959899162324,0.009900990099009901
sp_defense,ability_2,0.3413349260269118,0.36633663366336633
hp,ability_2,0.3403925129273567,1.0
weight_kg,ability_2,0.34027574962765805,0.297029702970297
generation,hidden_ability,0.336757575968672,0.009900990099009901
generation,base_happiness,0.33580160901869543,0.009900990099009901
offensive_total,stat_tier,0.33409997433423494,0.009900990099009901
speed,ability_2,0.33390953379960764,0.15841584158415842
hidden_ability,attack_defense_ratio,0.3286857509543732,0.009900990099009901
egg_groups,hatch_counter,0.32830645261783875,0.009900990099009901
ability_1,attack_defense_ratio,0.32764978291609953,0.009900990099009901
attack,physical_total,0.32644189812234964,0.009900990099009901
generation,ability_1,0.32192888884902965,0.009900990099009901
base_stat_total,offensive_total,0.321293524774568,0.009900990099009901
defensive_total,stat_tier,0.3196483104193051,0.009900990099009901
weight_kg,ability_1,0.3195658880817012,0.009900990099009901
ability_2,special_total,0.3168415800331999,1.0
ability_2,physical_total,0.3133096427685292,0.9108910891089109
defense,physical_total,0.31178436862573494,0.009900990099009901
sp_attack,ability_2,0.31093421372298596,0.9405940594059405
sp_defense,special_total,0.3105810983694533,0.009900990099009901
ability_2,growth_rate,0.3091769898985782,0.009900990099009901
base_stat_total,defensive_total,0.30847273247110263,0.009900990099009901
height_m,ability_2,0.30738261897314495,0.9900990099009901
base_stat_total,ability_1,0.3070107487657676,0.009900990099009901
base_experience,capture_rate,0.30670310211681423,0.009900990099009901
type_2,habitat,0.3056830422694883,0.009900990099009901
defense,ability_1,0.3046580265977334,0.009900990099009901
weight_kg,hidden_ability,0.30427538222936856,0.24752475247524752
ability_2,offensive_total,0.30424839103859347,0.9900990099009901
sp_attack,ability_1,0.3038601371605367,0.009900990099009901
ability_2,defensive_total,0.3034672461297607,0.9702970297029703
defense,defensive_total,0.30324747644705474,0.009900990099009901
ability_1,physical_total,0.30318402058125676,0.009900990099009901
height_m,ability_1,0.30277791264343673,0.009900990099009901
hp,ability_1,0.3021061453625463,0.009900990099009901
base_experience,offensive_total,0.30073201541695194,0.009900990099009901
ability_1,offensive_total,0.30053782550850616,0.009900990099009901
ability_2,hatch_counter,0.30006264026684937,0.009900990099009901
hp,hidden_ability,0.2999797512429487,0.7623762376237624
ability_2,gender_rate,0.29990466970044394,0.009900990099009901
ability_2,gender_distribution,0.29990466970044394,0.009900990099009901
attack,ability_2,0.29982603218602,0.9900990099009901
egg_groups,gender_rate,0.2993737573516134,0.009900990099009901
egg_groups,gender_distribution,0.2993737573516134,0.009900990099009901
ability_1,capture_rate,0.2987301555058875,0.009900990099009901
speed,ability_1,0.2969477468908739,0.009900990099009901
sp_defense,ability_1,0.2956350961516303,0.0297029702970297
sp_defense,hidden_ability,0.29503093242575196,0.9702970297029703
ability_1,growth_rate,0.2940738261817552,0.009900990099009901
base_experience,defensive_total,0.2940307970278436,0.009900990099009901
base_happiness,hatch_counter,0.29388488993985595,0.009900990099009901
defense,hidden_ability,0.2935062567229011,0.9207920792079208
hidden_ability,hatch_counter,0.29202294810284524,0.009900990099009901
hidden_ability,special_total,0.2920183425334693,0.21782178217821782
ability_1,defensive_total,0.2914432045984184,0.009900990099009901
ability_1,special_total,0.289786976001573,0.019801980198019802
speed,hidden_ability,0.28794292657646814,0.15841584158415842
attack,ability_1,0.28682739892607684,0.039603960396039604
genus,num_types,0.2829938930483809,0.009900990099009901
genus,is_dual_type,0.2829938930483809,0.009900990099009901
ability_2,capture_rate,0.2827372132999276,0.6831683168316832
base_stat_total,capture_rate,0.28166061516730007,0.009900990099009901
ability_1,base_happiness,0.28096270840583126,0.009900990099009901
attack,hidden_ability,0.2805748221716238,0.8217821782178217
base_experience,ability_1,0.2798610310652753,0.009900990099009901
sp_attack,hidden_ability,0.2788956574035517,0.900990099009901
hidden_ability,offensive_total,0.2788336614454703,0.8316831683168316
capture_rate,stat_tier,0.27776401969978076,0.009900990099009901
hidden_ability,physical_total,0.2764004100117484,0.9900990099009901
hidden_ability,defensive_total,0.2750960315611091,0.9801980198019802
sp_defense,defensive_total,0.2746642807473318,0.009900990099009901
hidden_ability,gender_rate,0.2738687481992803,0.009900990099009901
hidden_ability,gender_distribution,0.2738687481992803,0.009900990099009901
base_stat_total,ability_2,0.2722257325567794,1.0
height_m,hidden_ability,0.2695960500604194,0.9504950495049505
hidden_ability,growth_rate,0.26310214497228523,0.009900990099009901
hp,defensive_total,0.2557376169413361,0.009900990099009901
special_total,stat_tier,0.2554432941512096,0.009900990099009901
physical_total,stat_tier,0.25415262341591893,0.009900990099009901
hidden_ability,capture_rate,0.24480726205450812,0.009900990099009901
base_stat_total,physical_total,0.24316928105663593,0.009900990099009901
base_stat_total,hidden_ability,0.24313333511959886,0.9504950495049505
type_2,shape,0.24278294867227843,0.009900990099009901
base_stat_total,special_total,0.24235775836145748,0.009900990099009901
physical_total,defensive_total,0.2390342410642093,0.009900990099009901
base_experience,ability_2,0.23842395007352932,1.0
is_legendary,hatch_counter,0.23708878600077518,0.009900990099009901
hp,base_stat_total,0.23237777857779257,0.009900990099009901
hp,base_experience,0.23169736523269152,0.009900990099009901
base_experience,special_total,0.22903397028036174,0.009900990099009901
growth_rate,egg_groups,0.22872193993895695,0.009900990099009901
base_experience,physical_total,0.22812844808328983,0.009900990099009901
hatch_counter,gender_rate,0.22507834786072836,0.009900990099009901
hatch_counter,gender_distribution,0.22507834786072836,0.009900990099009901
base_experience,hidden_ability,0.222499871350684,1.0
growth_rate,hatch_counter,0.22240478700897567,0.009900990099009901
hp,stat_tier,0.2218595967168369,0.009900990099009901
height_m,base_experience,0.22155005083124815,0.009900990099009901
base_stat_total,height_m,0.22015304921184717,0.009900990099009901
hp,weight_kg,0.21816306713117495,0.009900990099009901
egg_groups,base_happiness,0.21697096917125533,0.009900990099009901
hidden_ability,base_happiness,0.21601141036667956,0.009900990099009901
ability_2,base_happiness,0.21502870116146117,0.009900990099009901
speed,offensive_total,0.21491250036170143,0.009900990099009901
defense,sp_defense,0.21463627690834244,0.009900990099009901
height_m,stat_tier,0.2141784840193537,0.009900990099009901
egg_groups,capture_rate,0.212545249712991,0.009900990099009901
base_stat_total,egg_groups,0.2109608000130803,0.009900990099009901
shape,habitat,0.20895369358728075,0.009900990099009901
egg_groups,bmi,0.20867778509614188,0.009900990099009901
base_stat_total,hatch_counter,0.20854946798410323,0.009900990099009901
habitat,hatch_counter,0.20846176574028566,0.009900990099009901
base_experience,hatch_counter,0.20753610522751056,0.009900990099009901
weight_kg,defensive_total,0.20746163510603127,0.009900990099009901
weight_kg,physical_total,0.207285986715906,0.009900990099009901
sp_attack,offensive_total,0.2069289200711862,0.009900990099009901
special_total,defensive_total,0.2054103697038428,0.009900990099009901
type_1,color,0.204940367989843,0.009900990099009901
color,egg_groups,0.20427118214395634,0.009900990099009901
attack,offensive_total,0.2014367952324072,0.009900990099009901
base_stat_total,weight_kg,0.19885022971775398,0.009900990099009901
weight_kg,base_experience,0.1988087409682696,0.009900990099009901
capture_rate,hatch_counter,0.19852393081957223,0.009900990099009901
is_legendary,capture_rate,0.19827809745278435,0.009900990099009901
hp,height_m,0.19780978380366684,0.009900990099009901
sp_defense,base_stat_total,0.1973940371270514,0.009900990099009901
is_legendary,gender_rate,0.19691639376708214,0.009900990099009901
is_legendary,gender_distribution,0.19691639376708214,0.009900990099009901
sp_defense,stat_tier,0.19677826045387153,0.009900990099009901
base_stat_total,is_legendary,0.19644579992777583,0.009900990099009901
weight_kg,bmi,0.19533854603597767,0.009900990099009901
sp_defense,base_experience,0.19509660414313906,0.009900990099009901
capture_rate,gender_rate,0.19420653850684672,0.009900990099009901
capture_rate,gender_distribution,0.19420653850684672,0.009900990099009901
attack,stat_tier,0.19336643134897336,0.009900990099009901
is_legendary,base_happiness,0.191924132644431,0.009900990099009901
base_happiness,gender_rate,0.1913835364113503,0.009900990099009901
base_happiness,gender_distribution,0.1913835364113503,0.009900990099009901
attack,base_stat_total,0.1879136670348189,0.009900990099009901
base_experience,egg_groups,0.18741544370541668,0.009900990099009901
type_1,type_2,0.1871044422884967,0.009900990099009901
height_m,defensive_total,0.1860890632212953,0.009900990099009901
special_total,offensive_total,0.18561330528729897,0.009900990099009901
sp_attack,stat_tier,0.18507188563394167,0.009900990099009901
genus,is_legendary,0.18462131423117514,0.009900990099009901
sp_attack,base_stat_total,0.18434275276602266,0.009900990099009901
defense,base_experience,0.18410501609604524,0.009900990099009901
attack,weight_kg,0.18368298988036758,0.009900990099009901
capture_rate,offensive_total,0.18346593927087934,0.009900990099009901
defense,base_stat_total,0.18314576092561652,0.009900990099009901
type_1,hatch_counter,0.18298043535925135,0.009900990099009901
defense,stat_tier,0.1820190163623875,0.009900990099009901
base_experience,base_happiness,0.18182236844964994,0.009900990099009901
defense,weight_kg,0.18141148231795692,0.009900990099009901
egg_groups,attack_defense_ratio,0.18080071326506517,0.009900990099009901
weight_kg,stat_tier,0.1794958193518348,0.009900990099009901
type_2,weight_kg,0.17810076682809542,0.009900990099009901
growth_rate,gender_rate,0.1780851497062143,0.009900990099009901
growth_rate,gender_distribution,0.1780851497062143,0.009900990099009901
weight_kg,egg_groups,0.17780626254163723,0.07920792079207921
type_2,bmi,0.17739967681265242,0.009900990099009901
ability_1,stat_tier,0.17649873237015581,0.009900990099009901
growth_rate,is_legendary,0.17621977518085893,0.009900990099009901
hp,offensive_total,0.17557708568095245,0.009900990099009901
sp_attack,base_experience,0.1755049411748045,0.009900990099009901
hp,physical_total,0.17466073254817843,0.009900990099009901
offensive_total,defensive_total,0.17356154507195096,0.009900990099009901
type_1,shape,0.17264071051775143,0.009900990099009901
attack,base_experience,0.1712745376494216,0.009900990099009901
base_experience,is_legendary,0.17074048877342435,0.009900990099009901
hp,defense,0.1702738589137802,0.009900990099009901
height_m,offensive_total,0.16996279677736656,0.009900990099009901
base_stat_total,gender_rate,0.1699012272679515,0.009900990099009901
base_stat_total,gender_distribution,0.1699012272679515,0.009900990099009901
ability_1,is_legendary,0.16968879058305678,0.009900990099009901
capture_rate,defensive_total,0.16944985766610193,0.009900990099009901
growth_rate,base_happiness,0.16739349931913353,0.009900990099009901
egg_groups,is_legendary,0.16608884431491472,0.009900990099009901
physical_total,offensive_total,0.16509389982309028,0.009900990099009901
hp,egg_groups,0.1648294378976275,0.009900990099009901
height_m,physical_total,0.16475514060017904,0.009900990099009901
speed,egg_groups,0.16350021170473245,0.009900990099009901
base_stat_total,base_happiness,0.1622827054805552,0.009900990099009901
defense,egg_groups,0.16105587275578787,0.009900990099009901
generation,egg_groups,0.16101447029126623,0.009900990099009901
egg_groups,offensive_total,0.16075404360607895,0.009900990099009901
weight_kg,offensive_total,0.15996250705507897,0.009900990099009901
attack,height_m,0.15878800081282907,0.009900990099009901
hp,attack,0.1586951378073588,0.009900990099009901
ability_2,is_dual_type,0.15802482987330002,0.009900990099009901
num_types,ability_2,0.15802482987329988,0.009900990099009901
height_m,egg_groups,0.1571808857191235,0.019801980198019802
sp_defense,egg_groups,0.15615042231984994,0.009900990099009901
hatch_counter,stat_tier,0.1561070411283971,0.009900990099009901
capture_rate,special_total,0.15588785274065936,0.009900990099009901
egg_groups,defensive_total,0.15406246574651175,0.009900990099009901
base_experience,growth_rate,0.15368739436949105,0.009900990099009901
sp_attack,egg_groups,0.15192312300066066,0.009900990099009901
sp_defense,weight_kg,0.15142356152381217,0.009900990099009901
type_2,color,0.15037178775286433,0.009900990099009901
egg_groups,physical_total,0.14944481932028505,0.019801980198019802
egg_groups,special_total,0.14874459551101668,0.009900990099009901
weight_kg,special_total,0.14870804129970797,0.009900990099009901
base_experience,gender_rate,0.147065657763929,0.009900990099009901
base_experience,gender_distribution,0.147065657763929,0.009900990099009901
sp_attack,sp_defense,0.14639160882190838,0.009900990099009901
height_m,special_total,0.1463008691567246,0.009900990099009901
growth_rate,capture_rate,0.14598820658474929,0.009900990099009901
attack,egg_groups,0.14495276283800995,0.009900990099009901
hp,sp_defense,0.14477074827052172,0.009900990099009901
habitat,gender_rate,0.14377253850781685,0.009900990099009901
habitat,gender_distribution,0.14377253850781685,0.009900990099009901
sp_defense,offensive_total,0.14233443042520194,0.009900990099009901
defense,height_m,0.142082186530397,0.009900990099009901
hp,capture_rate,0.14203338888793113,0.009900990099009901
height_m,capture_rate,0.14137628538176114,0.009900990099009901
attack,defense,0.14127295720284344,0.009900990099009901
capture_rate,physical_total,0.13965845383450437,0.009900990099009901
ability_2,stat_tier,0.13958043077244212,1.0
habitat,bmi,0.13878355515725918,0.009900990099009901
hp,special_total,0.13837924506632945,0.009900990099009901
sp_defense,physical_total,0.13815136560726549,0.009900990099009901
type_2,attack_defense_ratio,0.1381508914662979,0.009900990099009901
sp_defense,height_m,0.1371916327470065,0.009900990099009901
generation,type_2,0.13670190414290215,0.009900990099009901
capture_rate,base_happiness,0.13595283546864503,0.009900990099009901
color,habitat,0.13591841378285616,0.009900990099009901
weight_kg,hatch_counter,0.13477722011946489,0.009900990099009901
type_1,gender_rate,0.13467729038912918,0.009900990099009901
type_1,gender_distribution,0.13467729038912918,0.009900990099009901
defense,offensive_total,0.13393385578926625,0.009900990099009901
weight_kg,capture_rate,0.1338639411633852,0.009900990099009901
is_legendary,stat_tier,0.13318086505854806,0.009900990099009901
type_2,defense,0.13308465358609578,0.009900990099009901
attack,attack_defense_ratio,0.13113027003784955,0.009900990099009901
sp_attack,capture_rate,0.13091485764327507,0.009900990099009901
attack,defensive_total,0.13041884135000453,0.009900990099009901
num_types,ability_1,0.13023334162680245,0.009900990099009901
ability_1,is_dual_type,0.13023334162680208,0.009900990099009901
defense,special_total,0.13011966128679056,0.009900990099009901
weight_kg,habitat,0.1300595597711503,0.009900990099009901
genus,is_mythical,0.1278329264121964,0.009900990099009901
habitat,base_happiness,0.1276960986553086,0.009900990099009901
is_mythical,stat_tier,0.1269298659706389,0.009900990099009901
type_1,bmi,0.12681561741517816,0.009900990099009901
sp_attack,weight_kg,0.1264886584815642,0.009900990099009901
defense,attack_defense_ratio,0.12622396260032318,0.009900990099009901
hidden_ability,is_dual_type,0.12612956830683925,0.009900990099009901
num_types,hidden_ability,0.12612956830683864,0.009900990099009901
hp,sp_attack,0.1260485948464043,0.009900990099009901
speed,base_stat_total,0.1255164365963406,0.009900990099009901
defense,capture_rate,0.12525997362149288,0.009900990099009901
base_stat_total,growth_rate,0.1251857512406742,0.009900990099009901
sp_attack,height_m,0.1246261636940831,0.009900990099009901
shape,bmi,0.12436903882863627,0.009900990099009901
speed,base_experience,0.12424616891484637,0.009900990099009901
sp_defense,capture_rate,0.12420171953816915,0.009900990099009901
type_2,hatch_counter,0.12234160108125387,0.009900990099009901
sp_attack,defensive_total,0.12219088498507098,0.009900990099009901
is_mythical,base_happiness,0.12199520399748702,0.009900990099009901
hidden_ability,stat_tier,0.12155132619898351,0.9900990099009901
defense,bmi,0.12135954001979493,0.019801980198019802
type_1,weight_kg,0.12103106031111915,0.009900990099009901
base_happiness,stat_tier,0.12068695430033902,0.009900990099009901
type_2,physical_total,0.11956360856794322,0.019801980198019802
egg_groups,stat_tier,0.11882332941815614,0.009900990099009901
is_mythical,gender_rate,0.11806566122452984,0.009900990099009901
is_mythical,gender_distribution,0.11806566122452984,0.009900990099009901
speed,weight_kg,0.11796892238593992,0.009900990099009901
type_2,height_m,0.11784010490306372,0.24752475247524752
bmi,offensive_total,0.11781707915943022,0.009900990099009901
type_2,speed,0.11717440436334844,0.009900990099009901
base_stat_total,is_mythical,0.11694551362543594,0.009900990099009901
height_m,bmi,0.1169396754195862,0.21782178217821782
hatch_counter,offensive_total,0.11638440793916177,0.009900990099009901
bmi,attack_defense_ratio,0.11533165102177274,0.2079207920792079
weight_kg,attack_defense_ratio,0.11468560092524971,0.2376237623762376
attack,capture_rate,0.1146349239592784,0.009900990099009901
physical_total,special_total,0.11439699196332664,0.009900990099009901
type_2,hp,0.11370496114586101,0.009900990099009901
sp_defense,bmi,0.11250328454345991,0.0297029702970297
hp,bmi,0.11197598358360464,0.45544554455445546
gender_rate,stat_tier,0.11178375146868155,0.009900990099009901
gender_distribution,stat_tier,0.11178375146868155,0.009900990099009901
type_2,offensive_total,0.11131250866122623,0.019801980198019802
genus,is_baby,0.11090321235345711,0.019801980198019802
type_2,sp_defense,0.10892644446358349,0.06930693069306931
sp_attack,bmi,0.10871886404307882,0.0297029702970297
type_2,attack,0.10821277313588787,0.019801980198019802
bmi,physical_total,0.10807566975852324,0.1188118811881188
speed,stat_tier,0.10748766949878699,0.009900990099009901
weight_kg,base_happiness,0.10646594428144708,0.009900990099009901
is_mythical,hatch_counter,0.10619009825233715,0.009900990099009901
base_happiness,offensive_total,0.10511118262515291,0.009900990099009901
type_2,growth_rate,0.10437093855944685,0.009900990099009901
attack_defense_ratio,offensive_total,0.10412623429128223,0.009900990099009901
is_legendary,offensive_total,0.10369317984302188,0.009900990099009901
type_2,capture_rate,0.10320278773950019,0.009900990099009901
type_2,defensive_total,0.10319228342258847,0.019801980198019802
type_1,attack_defense_ratio,0.10294253910074455,0.009900990099009901
type_2,special_total,0.10259805750858234,0.12871287128712872
weight_kg,shape,0.10230777945024078,0.009900990099009901
hp,habitat,0.10229642276326714,0.019801980198019802
hatch_counter,special_total,0.10213879029850509,0.009900990099009901
speed,height_m,0.10203067274477778,0.009900990099009901
habitat,is_legendary,0.10118260638197617,0.009900990099009901
base_experience,is_mythical,0.10096240882855115,0.009900990099009901
sp_attack,physical_total,0.10037111717805995,0.009900990099009901
attack,bmi,0.10007763613025589,0.3465346534653465
hp,hatch_counter,0.09999481900006449,0.009900990099009901
height_m,hatch_counter,0.0996114583932456,0.009900990099009901
weight_kg,gender_rate,0.09845829156411054,0.009900990099009901
weight_kg,gender_distribution,0.09845829156411054,0.009900990099009901
hp,speed,0.09841917161509839,0.009900990099009901
defense,sp_attack,0.09836821985371033,0.009900990099009901
habitat,attack_defense_ratio,0.0981618997811948,0.009900990099009901
sp_attack,speed,0.09794600878062389,0.009900990099009901
speed,bmi,0.09781433747545414,0.46534653465346537
sp_attack,hatch_counter,0.09721813588497598,0.009900990099009901
type_1,base_happiness,0.09685512924730764,0.009900990099009901
base_stat_total,habitat,0.09679969989677309,0.009900990099009901
hatch_counter,defensive_total,0.09677492654548839,0.009900990099009901
growth_rate,stat_tier,0.09584973606172052,0.009900990099009901
type_2,base_experience,0.09584126714976497,0.009900990099009901
bmi,special_total,0.09541140666798381,0.7227722772277227
bmi,defensive_total,0.09536728028808884,0.7128712871287128
ability_1,is_mythical,0.09516688372836926,0.009900990099009901
type_2,base_happiness,0.09444354246320803,0.009900990099009901
generation,hatch_counter,0.09438147300314857,0.009900990099009901
type_2,sp_attack,0.09436934123684897,0.07920792079207921
is_legendary,defensive_total,0.0933319886083064,0.009900990099009901
hp,attack_defense_ratio,0.0932120006529842,0.009900990099009901
hatch_counter,physical_total,0.09307840264117133,0.009900990099009901
base_experience,habitat,0.09297483857214095,0.009900990099009901
type_2,gender_rate,0.09259489550992213,0.009900990099009901
type_2,gender_distribution,0.09259489550992213,0.009900990099009901
type_2,base_stat_total,0.09226160650615252,0.009900990099009901
attack,sp_attack,0.09222083721563781,0.009900990099009901
base_stat_total,bmi,0.09195194228147616,0.2376237623762376
defense,habitat,0.09144872180655392,0.0891089108910891
speed,attack_defense_ratio,0.09140242457438336,0.009900990099009901
sp_defense,attack_defense_ratio,0.09119360381376615,0.009900990099009901
habitat,physical_total,0.09042869080638262,0.009900990099009901
type_1,capture_rate,0.09030551593356488,0.009900990099009901
speed,capture_rate,0.09026309320251011,0.009900990099009901
attack,special_total,0.08999050756881141,0.009900990099009901
type_1,physical_total,0.08998553054162502,0.009900990099009901
sp_attack,gender_rate,0.08958159570357987,0.009900990099009901
sp_attack,gender_distribution,0.08958159570357987,0.009900990099009901
sp_defense,habitat,0.08932100985903293,0.039603960396039604
height_m,base_happiness,0.08901438433305629,0.009900990099009901
habitat,special_total,0.08901368384335244,0.009900990099009901
attack,sp_defense,0.08898409369349741,0.009900990099009901
height_m,attack_defense_ratio,0.08892333692078436,0.1782178217821782
is_legendary,special_total,0.08840873949759409,0.009900990099009901
weight_kg,is_legendary,0.0883113979867429,0.009900990099009901
capture_rate,bmi,0.08787692476171308,0.18811881188118812
speed,defensive_total,0.08779921876933604,0.009900990099009901
attack_defense_ratio,physical_total,0.0874886270645046,0.009900990099009901
type_1,growth_rate,0.08737860311950889,0.009900990099009901
type_1,height_m,0.08737105793720575,0.009900990099009901
attack_defense_ratio,defensive_total,0.0872696516080923,0.009900990099009901
gender_rate,offensive_total,0.08710378359828076,0.009900990099009901
offensive_total,gender_distribution,0.08710378359828075,0.009900990099009901
gender_rate,defensive_total,0.08707861461840657,0.009900990099009901
defensive_total,gender_distribution,0.08707861461840653,0.009900990099009901
height_m,is_legendary,0.08661251612546107,0.009900990099009901
type_1,defense,0.08635214696152921,0.009900990099009901
defense,speed,0.08627762941153112,0.009900990099009901
speed,special_total,0.08587878449391219,0.009900990099009901
color,bmi,0.08562879107807647,0.009900990099009901
habitat,capture_rate,0.08544702740049294,0.009900990099009901
base_happiness,defensive_total,0.08537750390304558,0.009900990099009901
sp_attack,habitat,0.0849601844563859,0.009900990099009901
hidden_ability,is_legendary,0.08485159047501466,0.0297029702970297
sp_defense,speed,0.08395371215704008,0.009900990099009901
attack,hatch_counter,0.0839290846246162,0.009900990099009901
type_1,attack,0.08389847397118995,0.009900990099009901
base_experience,bmi,0.08388591376795629,0.48514851485148514
type_1,sp_attack,0.08379156245125104,0.009900990099009901
ability_2,is_baby,0.08356741218727338,0.3069306930693069
num_types,egg_groups,0.0833247668965631,0.009900990099009901
egg_groups,is_dual_type,0.08332476689656285,0.009900990099009901
sp_defense,hatch_counter,0.08297210066267348,0.009900990099009901
speed,hatch_counter,0.08265600244439325,0.009900990099009901
is_mythical,capture_rate,0.0824118833610018,0.009900990099009901
weight_kg,color,0.08224551046785127,0.0297029702970297
shape,attack_defense_ratio,0.08217886413345085,0.009900990099009901
type_1,base_stat_total,0.08205397079249177,0.009900990099009901
hp,shape,0.08196392274629365,0.009900990099009901
gender_rate,special_total,0.08194587249698325,0.009900990099009901
special_total,gender_distribution,0.08194587249698325,0.009900990099009901
habitat,growth_rate,0.08106159785063811,0.009900990099009901
attack,habitat,0.08071514707016261,0.04950495049504951
speed,physical_total,0.08041881873759829,0.009900990099009901
shape,hatch_counter,0.08032196493365314,0.009900990099009901
shape,gender_rate,0.08018159543295914,0.009900990099009901
shape,gender_distribution,0.08018159543295914,0.009900990099009901
height_m,habitat,0.08005623594648834,0.27722772277227725
habitat,defensive_total,0.07989301204535963,0.009900990099009901
habitat,offensive_total,0.07974753921711596,0.10891089108910891
base_happiness,special_total,0.0797353828896423,0.009900990099009901
hatch_counter,bmi,0.0796947670886686,0.0891089108910891
weight_kg,growth_rate,0.07962519997483765,0.009900990099009901
generation,weight_kg,0.0793657107893134,0.019801980198019802
hp,base_happiness,0.07916283799809826,0.009900990099009901
attack_defense_ratio,special_total,0.07892403826909296,0.009900990099009901
height_m,shape,0.07843308860491059,0.009900990099009901
defense,hatch_counter,0.07793929509862194,0.009900990099009901
sp_defense,gender_rate,0.07782023007103372,0.009900990099009901
sp_defense,gender_distribution,0.07782023007103372,0.009900990099009901
sp_attack,base_happiness,0.07768910277570135,0.009900990099009901
sp_attack,attack_defense_ratio,0.07763139401856384,0.009900990099009901
egg_groups,is_mythical,0.07680451794995306,0.009900990099009901
growth_rate,offensive_total,0.07645949352343753,0.009900990099009901
generation,bmi,0.0764167840747772,0.009900990099009901
attack,speed,0.07527042649782124,0.009900990099009901
base_happiness,physical_total,0.07345825201830106,0.009900990099009901
physical_total,gender_distribution,0.07323745131750241,0.009900990099009901
gender_rate,physical_total,0.07323745131750237,0.009900990099009901
type_1,special_total,0.07283931797910992,0.009900990099009901
speed,habitat,0.07260131482467513,0.15841584158415842
attack,base_happiness,0.07189402800681383,0.009900990099009901
is_baby,hatch_counter,0.07180468767210828,0.009900990099009901
type_1,hp,0.07139661800026084,0.33663366336633666
height_m,gender_rate,0.07119210756367482,0.009900990099009901
height_m,gender_distribution,0.07119210756367482,0.009900990099009901
defense,gender_rate,0.07031620560404674,0.009900990099009901
defense,gender_distribution,0.07031620560404674,0.009900990099009901
type_1,offensive_total,0.06999256932389432,0.0297029702970297
hp,is_legendary,0.06956095545745924,0.009900990099009901
sp_defense,shape,0.06952272711903874,0.009900990099009901
type_1,sp_defense,0.06950792234368788,0.039603960396039604
hatch_counter,attack_defense_ratio,0.06948643373160754,0.009900990099009901
speed,shape,0.06906643709427335,0.009900990099009901
hidden_ability,is_baby,0.06792117812857942,0.2079207920792079
sp_defense,is_legendary,0.0677118685932629,0.009900990099009901
hp,growth_rate,0.0676568405793848,0.009900990099009901
base_stat_total,shape,0.0673406492723439,0.009900990099009901
shape,offensive_total,0.0672305036812021,0.009900990099009901
sp_defense,base_happiness,0.06719769587043539,0.009900990099009901
speed,base_happiness,0.06697380223241359,0.009900990099009901
egg_groups,is_baby,0.06688243887124795,0.009900990099009901
shape,capture_rate,0.06686386162838447,0.009900990099009901
type_1,base_experience,0.06620292815585535,0.009900990099009901
is_legendary,physical_total,0.06562686947615341,0.009900990099009901
type_1,defensive_total,0.06463613115400046,0.009900990099009901
base_happiness,bmi,0.06448176885302656,0.0594059405940594
type_1,speed,0.06440224748460274,0.0297029702970297
attack_defense_ratio,gender_distribution,0.06424012347706654,0.009900990099009901
gender_rate,attack_defense_ratio,0.06424012347706651,0.009900990099009901
gender_rate,bmi,0.06380978972484466,0.10891089108910891
bmi,gender_distribution,0.06380978972484452,0.09900990099009901
height_m,growth_rate,0.06373201027986675,0.009900990099009901
speed,is_legendary,0.06304982460948046,0.009900990099009901
defense,base_happiness,0.06304266501773181,0.009900990099009901
hp,gender_rate,0.06272526748662716,0.009900990099009901
hp,gender_distribution,0.06272526748662716,0.009900990099009901
growth_rate,defensive_total,0.062654401268727,0.009900990099009901
base_experience,attack_defense_ratio,0.062404470930204486,0.0891089108910891
defense,shape,0.06155769995793289,0.10891089108910891
attack,shape,0.06110560072417768,0.009900990099009901
base_experience,shape,0.06081901299693146,0.009900990099009901
attack,gender_rate,0.060474843265154433,0.009900990099009901
attack,gender_distribution,0.060474843265154433,0.009900990099009901
sp_attack,is_legendary,0.06031661178381215,0.009900990099009901
capture_rate,attack_defense_ratio,0.060227774264270416,0.0891089108910891
speed,gender_rate,0.06013463229266543,0.009900990099009901
speed,gender_distribution,0.06013463229266543,0.009900990099009901
shape,special_total,0.05993552677520662,0.009900990099009901
is_baby,physical_total,0.0598805838099098,0.009900990099009901
generation,height_m,0.059842635835485936,0.009900990099009901
is_baby,stat_tier,0.05964892365126724,0.009900990099009901
generation,growth_rate,0.0594078912440995,0.009900990099009901
is_mythical,offensive_total,0.05935775160513721,0.009900990099009901
growth_rate,is_mythical,0.059353285289800516,0.009900990099009901
num_types,shape,0.059165720334912984,0.009900990099009901
shape,is_dual_type,0.059165720334912957,0.009900990099009901
color,gender_rate,0.0591537087791678,0.009900990099009901
color,gender_distribution,0.0591537087791678,0.009900990099009901
color,attack_defense_ratio,0.05912806226426224,0.009900990099009901
sp_attack,shape,0.05870509341608997,0.009900990099009901
base_stat_total,attack_defense_ratio,0.05862700985914526,0.5148514851485149
growth_rate,physical_total,0.057840746411959056,0.009900990099009901
habitat,stat_tier,0.05749426068554996,0.009900990099009901
defense,growth_rate,0.05664690598570573,0.009900990099009901
attack,is_baby,0.05661175891268978,0.009900990099009901
generation,attack_defense_ratio,0.056018817797009034,0.009900990099009901
shape,physical_total,0.05542549598104116,0.1188118811881188
color,shape,0.05539756034211805,0.009900990099009901
shape,defensive_total,0.055314022961936,0.019801980198019802
is_baby,offensive_total,0.05530035489054069,0.009900990099009901
ability_1,is_baby,0.05468452154243646,0.7821782178217822
sp_attack,is_mythical,0.05449397693075182,0.009900990099009901
growth_rate,bmi,0.054435235082964384,0.10891089108910891
height_m,color,0.05421914752883267,0.2376237623762376
generation,hp,0.05390969697142102,0.009900990099009901
habitat,is_mythical,0.0538849054773543,0.009900990099009901
generation,base_experience,0.053881936014451993,0.009900990099009901
sp_defense,growth_rate,0.05231618260300942,0.009900990099009901
base_experience,is_baby,0.05164659619848141,0.009900990099009901
defense,is_legendary,0.051106841583590724,0.009900990099009901
defense,color,0.050983240547152524,0.019801980198019802
attack,growth_rate,0.05067513069416008,0.009900990099009901
base_happiness,attack_defense_ratio,0.050483636071153,0.009900990099009901
defense,is_baby,0.050077738833010144,0.009900990099009901
is_mythical,defensive_total,0.05002541236232302,0.009900990099009901
growth_rate,attack_defense_ratio,0.04998933716565695,0.009900990099009901
base_stat_total,is_baby,0.04964005563838957,0.009900990099009901
sp_attack,color,0.049601240720847976,0.009900990099009901
color,hatch_counter,0.04923890612824215,0.009900990099009901
color,base_happiness,0.04880415927233166,0.009900990099009901
generation,is_baby,0.04864930868528241,0.009900990099009901
is_mythical,special_total,0.048563791523032446,0.009900990099009901
hp,color,0.04822778240861828,0.25742574257425743
attack,is_legendary,0.04762091589502882,0.009900990099009901
growth_rate,special_total,0.04747334812862841,0.009900990099009901
sp_attack,growth_rate,0.04656398297002599,0.009900990099009901
shape,growth_rate,0.04651684784576437,0.009900990099009901
generation,type_1,0.04639259564971794,0.009900990099009901
shape,base_happiness,0.046135971227161586,0.009900990099009901
generation,capture_rate,0.045964621107975646,0.009900990099009901
generation,speed,0.04578705375664701,0.009900990099009901
type_2,stat_tier,0.045667485596255074,0.06930693069306931
generation,base_stat_total,0.045294341872459856,0.009900990099009901
generation,offensive_total,0.0451130180560958,0.009900990099009901
bmi,stat_tier,0.04511043587635366,0.5346534653465347
sp_defense,is_mythical,0.04359349909427937,0.009900990099009901
color,offensive_total,0.04342577261465936,0.04950495049504951
generation,defense,0.04331496506772039,0.1188118811881188
is_baby,attack_defense_ratio,0.04319285439951512,0.009900990099009901
speed,color,0.04268303847029787,0.009900990099009901
num_types,habitat,0.04219505847619449,0.009900990099009901
habitat,is_dual_type,0.04219505847619449,0.009900990099009901
attack,color,0.04200027278457139,0.039603960396039604
is_mythical,physical_total,0.041841154554881646,0.009900990099009901
speed,is_mythical,0.04173669407240757,0.009900990099009901
generation,attack,0.04149558772478449,0.019801980198019802
speed,growth_rate,0.04135670548178454,0.009900990099009901
hp,is_baby,0.04132203301484403,0.019801980198019802
type_2,is_mythical,0.04114530064655749,0.1188118811881188
color,capture_rate,0.040893904810576226,0.009900990099009901
type_1,stat_tier,0.03991520340015828,0.009900990099009901
color,growth_rate,0.039881759504134674,0.009900990099009901
defense,is_mythical,0.039235624688227756,0.009900990099009901
generation,sp_defense,0.03903515673004304,0.15841584158415842
color,special_total,0.03899516750753269,0.039603960396039604
generation,gender_rate,0.03881705286986883,0.009900990099009901
generation,gender_distribution,0.03881705286986883,0.009900990099009901
color,physical_total,0.038794250401528015,0.42574257425742573
sp_defense,color,0.038294401332552526,0.48514851485148514
type_2,is_baby,0.03750990340186437,0.1782178217821782
generation,defensive_total,0.03723806067206551,0.019801980198019802
hp,is_mythical,0.03720707877700348,0.009900990099009901
generation,physical_total,0.036097922580039916,0.36633663366336633
generation,color,0.034608298371048084,0.009900990099009901
generation,sp_attack,0.03428367559938478,0.2079207920792079
shape,is_mythical,0.0336908093883084,0.009900990099009901
color,defensive_total,0.0330753643225952,0.504950495049505
is_baby,defensive_total,0.03279442598299663,0.009900990099009901
attack,is_mythical,0.03262789712772567,0.019801980198019802
shape,stat_tier,0.03257298788108275,0.009900990099009901
num_types,gender_rate,0.03183230103612605,0.009900990099009901
num_types,gender_distribution,0.03183230103612605,0.009900990099009901
is_dual_type,gender_distribution,0.03183230103612605,0.009900990099009901
gender_rate,is_dual_type,0.03183230103612596,0.009900990099009901
base_experience,color,0.031278193030118744,0.21782178217821782
shape,is_baby,0.031198206010735453,0.009900990099009901
generation,special_total,0.031172937493404794,0.38613861386138615
num_types,weight_kg,0.030921038090527608,0.019801980198019802
weight_kg,is_dual_type,0.030921038090527563,0.0297029702970297
is_baby,bmi,0.030555024911842733,0.16831683168316833
is_mythical,bmi,0.03033033476213462,0.21782178217821782
weight_kg,is_mythical,0.02993346443671082,0.21782178217821782
sp_attack,is_baby,0.029114303581691252,0.019801980198019802
is_baby,gender_rate,0.029039543789146104,0.009900990099009901
is_baby,gender_distribution,0.029039543789146104,0.009900990099009901
generation,shape,0.029038098629956054,0.0594059405940594
is_mythical,attack_defense_ratio,0.0290269659830939,0.039603960396039604
type_1,num_types,0.029008657786960237,0.009900990099009901
type_1,is_dual_type,0.029008657786960237,0.009900990099009901
type_1,is_legendary,0.028972000836691228,0.009900990099009901
base_stat_total,color,0.028953066714216928,0.26732673267326734
height_m,is_baby,0.028658765676494925,0.0594059405940594
weight_kg,is_baby,0.028419044447158134,0.24752475247524752
type_2,is_legendary,0.028278668185092025,0.16831683168316833
speed,is_baby,0.027910594786595116,0.019801980198019802
attack_defense_ratio,stat_tier,0.02774779698821317,0.26732673267326734
num_types,hatch_counter,0.026829658889904594,0.009900990099009901
hatch_counter,is_dual_type,0.026829658889904455,0.009900990099009901
base_experience,is_dual_type,0.02679375845889835,0.009900990099009901
num_types,base_experience,0.026793758458898344,0.009900990099009901
shape,is_legendary,0.02624089315350839,0.009900990099009901
is_legendary,bmi,0.02607407331826144,0.3069306930693069
num_types,bmi,0.025242586439264372,0.0891089108910891
is_dual_type,bmi,0.025242586439264372,0.07920792079207921
is_baby,special_total,0.024578119288081964,0.09900990099009901
generation,stat_tier,0.024130884861512367,0.009900990099009901
num_types,defense,0.02361194812833845,0.009900990099009901
defense,is_dual_type,0.023611948128338306,0.009900990099009901
is_baby,base_happiness,0.023520354485524458,0.019801980198019802
type_1,is_baby,0.023202683274346818,0.0891089108910891
num_types,height_m,0.02316873295212828,0.009900990099009901
height_m,is_dual_type,0.023168732952128224,0.009900990099009901
num_types,hp,0.022506743897961187,0.009900990099009901
hp,is_dual_type,0.022506743897961003,0.009900990099009901
is_baby,capture_rate,0.02245264172955352,0.06930693069306931
num_types,base_stat_total,0.022292526087839694,0.009900990099009901
base_stat_total,is_dual_type,0.022292526087839694,0.009900990099009901
generation,habitat,0.022178956952938644,0.0891089108910891
num_types,offensive_total,0.02159697319369251,0.009900990099009901
is_dual_type,offensive_total,0.02159697319369251,0.009900990099009901
type_1,is_mythical,0.021345279321003247,0.1782178217821782
num_types,stat_tier,0.02086822231526037,0.009900990099009901
is_dual_type,stat_tier,0.02086822231526037,0.009900990099009901
height_m,is_mythical,0.020212607234830596,0.40594059405940597
num_types,special_total,0.019739539665564382,0.009900990099009901
is_dual_type,special_total,0.019739539665564382,0.009900990099009901
growth_rate,is_baby,0.0193562321687734,0.009900990099009901
num_types,physical_total,0.019159720039496064,0.009900990099009901
is_dual_type,physical_total,0.019159720039496064,0.009900990099009901
sp_defense,is_baby,0.018191698561799474,0.45544554455445546
num_types,defensive_total,0.017991951054283105,0.009900990099009901
is_dual_type,defensive_total,0.017991951054283105,0.009900990099009901
num_types,sp_attack,0.01796341609552651,0.009900990099009901
sp_attack,is_dual_type,0.017963416095526468,0.009900990099009901
color,is_baby,0.017180885318415773,0.15841584158415842
num_types,capture_rate,0.01701027112422611,0.009900990099009901
capture_rate,is_dual_type,0.01701027112422603,0.009900990099009901
num_types,base_happiness,0.016731924084927546,0.009900990099009901
base_happiness,is_dual_type,0.016731924084927543,0.009900990099009901
num_types,sp_defense,0.016717282851754642,0.019801980198019802
sp_defense,is_dual_type,0.016717282851754573,0.009900990099009901
num_types,growth_rate,0.01610874762969699,0.009900990099009901
growth_rate,is_dual_type,0.01610874762969699,0.009900990099009901
num_types,attack,0.015531011598086503,0.009900990099009901
attack,is_dual_type,0.01553101159808634,0.009900990099009901
is_legendary,attack_defense_ratio,0.01460463636963365,0.5247524752475248
habitat,is_baby,0.014441181403893655,0.8712871287128713
generation,is_mythical,0.012610165134052536,0.22772277227722773
num_types,attack_defense_ratio,0.010776691421842406,0.4752475247524752
is_dual_type,attack_defense_ratio,0.010776691421842406,0.594059405940594
num_types,speed,0.010267211348802539,0.1188118811881188
speed,is_dual_type,0.010267211348802508,0.1188118811881188
is_legendary,is_mythical,0.009912518504314533,0.1188118811881188
generation,is_legendary,0.009878874539142235,0.06930693069306931
color,stat_tier,0.009693543986583513,0.504950495049505
is_legendary,is_baby,0.008814865125456414,0.33663366336633666
generation,num_types,0.007608536514390169,0.019801980198019802
generation,is_dual_type,0.007608536514390169,0.0297029702970297
color,is_mythical,0.007433523888750048,0.7128712871287128
color,is_legendary,0.004618615464127523,0.6732673267326733
is_mythical,is_baby,0.004265906184732758,0.6831683168316832
color,is_dual_type,0.0037961649908976915,0.31683168316831684
num_types,color,0.0037961649908976264,0.40594059405940597
num_types,is_baby,0.003160316478233675,0.18811881188118812
is_baby,is_dual_type,0.003160316478233675,0.26732673267326734
num_types,is_legendary,0.0014812884606819805,0.22772277227722773
is_legendary,is_dual_type,0.0014812884606819805,0.24752475247524752
num_types,is_mythical,0.00045788047503659825,0.693069306930693
is_mythical,is_dual_type,0.00045788047503659825,0.693069306930693
type_2,num_types,0.0,1.0
type_2,is_dual_type,0.0,1.0
ability_2,is_legendary,0.0,1.0
ability_2,is_mythical,0.0,1.0
hidden_ability,is_mythical,0.0,1.0
