"TIME","XPOS","YPOS","ZPOS","RANGE","RANDOM","TRACK_ID"
"0.314296","219.449628","20.392813","10.181273","220.630153","0.717871","1"
"0.912466","239.669758","37.606925","15.330136","243.086171","0.11898","2"
"1.287902","15.099838","10.075487","-8.156881","19.901137","0.061356","3"
"1.87177","219.265544","20.173252","9.731774","220.406548","0.181216","1"
"2.485912","239.218561","38.268087","14.549815","242.696649","0.313075","2"
"2.815338","15.252538","11.695602","-7.942661","20.796944","0.663838","3"
"3.060537","218.249584","20.157394","10.536212","219.431568","0.012384","1"
"3.378351","239.024985","37.638284","15.400459","242.459807","0.851425","2"
"3.737315","15.038941","12.04407","-7.704987","20.750812","0.004829","3"
"4.183929","218.30548","20.438665","9.794208","219.47881","0.237581","1"
"4.529407","238.429327","38.181863","14.423871","241.897596","0.933936","2"
"4.9674","14.950834","12.324591","-8.194417","21.037383","0.378267","3"
"5.252973","217.933585","20.214694","9.53353","219.076629","0.9708","1"
"5.578906","238.245211","37.682039","14.828258","241.662149","0.748142","2"
"5.780013","14.864079","12.772322","-8.089936","21.201889","0.774479","3"
"6.159876","217.801098","20.628183","9.544021","218.983855","0.707135","1"
"6.686301","237.668386","38.219246","14.772241","241.174608","0.28775","2"
"7.029885","15.021088","13.040167","-8.584511","21.665015","0.426037","3"
"7.585726","216.419604","20.495812","9.946539","217.615388","0.611486","1"
"8.113418","237.095407","38.462568","15.330053","240.683634","0.673164","2"
"8.564303","14.864375","13.544656","-7.903563","21.607259","0.189611","3"
"9.179619","216.731521","19.741552","9.694496","217.844588","0.479701","1"
"9.695255","235.943042","38.239691","15.157021","239.501834","0.590937","2"
"10.026063","14.420882","13.974605","-7.61177","21.475345","0.599018","3"
"10.564264","215.463746","19.74133","10.517014","216.621683","0.893958","1"
"11.129981","235.407461","37.965128","15.376281","238.944457","0.98427","2"
"11.545395","14.44738","14.454798","-8.063776","21.970262","0.091488","3"
"11.901549","214.930333","19.601038","9.544708","216.033215","0.298395","1"
"12.249914","234.672266","37.976868","15.039848","238.200571","0.663228","2"
"12.580237","15.111347","14.908704","-7.562586","22.53475","0.26874","3"
"13.100272","214.63727","20.749141","9.611232","215.851941","0.859072","1"
"13.367554","234.067136","38.231148","15.223688","237.656907","0.312982","2"
"13.732784","15.188783","15.595346","-8.286628","23.293393","0.944667","3"
"14.231047","213.832278","19.771503","10.047235","214.979307","0.190587","1"
"14.807895","234.379052","37.841068","15.030156","237.889453","0.216371","2"
"15.193111","14.507617","16.524125","-8.27886","23.495897","0.552314","3"
"15.498001","213.347888","20.193234","10.053794","214.537098","0.211463","1"
"16.082308","232.740173","38.835735","15.105338","236.441058","0.893122","2"
"16.335242","15.498349","16.659628","-7.63087","23.999421","0.877417","3"
"16.834387","213.519211","19.732263","10.106247","214.667072","0.939902","1"
"17.014627","232.807166","38.432989","15.20871","236.447829","0.366813","2"
"17.53526","14.920434","17.287291","-7.448413","24.019755","0.392672","3"
"17.763082","212.677995","19.975941","9.560912","213.827919","0.029141","1"
"17.960728","232.084513","38.643194","14.459616","235.723563","0.025788","2"
"18.424253","14.814818","17.790886","-7.824511","24.438032","0.024827","3"
"19.038372","212.203425","20.135396","10.177255","213.399401","0.491042","1"
"19.427382","231.268369","37.728182","14.793258","234.792067","0.551768","2"
"19.969392","15.279278","18.739199","-8.386382","25.5919","0.437296","3"
"20.362873","211.619855","19.748357","9.634132","212.757555","0.784436","1"
"20.785028","231.459143","37.94969","15.334161","235.050314","0.837313","2"
"21.200566","14.61587","18.32437","-7.924698","24.742818","0.295528","3"
"21.668706","211.399753","19.727311","10.178918","212.562068","0.380177","1"
"21.896174","230.274221","38.673669","14.962336","233.978078","0.917649","2"
"22.113777","15.101719","19.804022","-7.90121","26.128344","0.206392","3"
"22.429021","210.455775","20.4966","10.13486","211.694259","0.540604","1"
"22.609383","230.275964","38.157709","15.434166","233.925722","0.474475","2"
"22.934256","14.961627","19.748047","-7.62752","25.923246","0.95573","3"
"23.244113","209.64521","20.310131","9.438625","210.838097","0.896904","1"
"23.822567","230.27152","37.930475","15.357405","233.879336","0.329414","2"
"24.190156","15.427035","20.240443","-8.267047","26.75842","0.698975","3"
"24.795014","209.858713","20.51105","10.086491","211.099786","0.52994","1"
"25.036031","229.540572","38.260812","14.426577","233.15422","0.294705","2"
"25.367806","15.082041","20.222593","-8.390452","26.586104","0.05092","3"
"25.829345","209.10663","20.960187","10.01546","210.393017","0.622519","1"
"26.04411","228.601723","38.868273","15.222505","232.381615","0.300817","2"
"26.477788","14.702827","21.523431","-8.260437","27.343483","0.114265","3"
"26.721571","209.068267","19.886439","9.595396","210.231021","0.508889","1"
"27.166484","229.012579","37.836666","14.736552","232.584481","0.817053","2"
"27.675916","15.122466","21.558777","-7.715021","27.440688","0.55196","3"
"28.004287","208.347083","20.983653","10.296301","209.654083","0.689554","1"
"28.608393","228.438764","37.894244","15.18593","232.05787","0.619962","2"
"29.161826","15.395007","22.764587","-8.274489","28.700171","0.953399","3"
"29.731807","207.765586","19.991686","10.48946","208.9886","0.149745","1"
"30.176762","227.322185","39.02537","15.198882","231.147921","0.448845","2"
"30.703383","14.925787","23.131616","-7.765004","28.603252","0.873809","3"
"31.093245","207.146195","20.059031","9.560152","208.334604","0.963609","1"
"31.706999","226.422299","37.982064","15.112098","230.082747","0.150388","2"
"32.004209","15.226209","23.341453","-7.948559","28.980001","0.660177","3"
"32.524286","206.845683","20.791522","9.792473","208.118515","0.930733","1"
"32.720971","226.233949","38.536246","15.105284","229.989155","0.949788","2"
"33.270653","15.136165","23.738381","-8.242313","29.335132","0.90178","3"
"33.68197","205.471666","20.335351","10.337359","206.734112","0.143003","1"
"33.940105","225.947531","38.865569","14.76918","229.741045","0.967595","2"
"34.385699","15.146486","24.475604","-7.691006","29.792999","0.883359","3"
"34.967711","204.810301","20.445793","9.406669","206.04314","0.675943","1"
"35.528841","225.300016","38.376655","15.318116","229.057873","0.835887","2"
"36.147226","14.559926","25.269183","-8.379594","30.343709","0.123423","3"
"36.491052","205.24829","20.896138","10.229961","206.56273","0.624667","1"
"36.708295","224.378603","38.712951","14.879837","228.179446","0.482597","2"
"36.934167","14.549415","25.446828","-8.168641","30.42948","0.327112","3"
"37.297142","204.878346","20.895895","10.245253","206.195879","0.036124","1"
"37.811352","223.73412","38.325208","15.146556","227.497684","0.035575","2"
"38.361222","15.374371","26.223719","-7.465706","31.301622","0.146676","3"
"38.560718","203.319525","20.714472","9.621072","204.598347","0.595261","1"
"39.015649","224.011141","38.988884","14.559394","227.844465","0.798718","2"
"39.45243","14.934414","26.01146","-7.972447","31.035346","0.571686","3"
"39.958775","202.904966","20.011745","9.925581","204.13087","0.420037","1"
"40.158005","222.957126","39.044466","14.577057","226.818961","0.363854","2"
"40.42304","15.216495","26.579893","-7.812729","31.608087","0.784054","3"
"40.723013","203.180416","20.838877","9.703827","204.47666","0.438289","1"
"40.906709","222.832536","38.327006","15.317045","226.622837","0.702268","2"
"41.343855","14.539497","27.541463","-7.513209","32.037126","0.452532","3"
"41.662114","202.07536","20.955416","9.460533","203.379159","0.293883","1"
"42.106512","222.677273","38.218023","15.03025","226.432537","0.102969","2"
"42.590728","14.672931","27.84711","-7.615552","32.384457","0.402001","3"
"43.186279","202.05726","20.264172","9.818529","203.308082","0.526053","1"
"43.738896","221.936045","38.993697","14.501606","225.801712","0.563285","2"
"44.020345","15.574246","28.183863","-7.717141","33.112558","0.835614","3"
"44.608427","201.510905","21.224431","10.234019","202.883849","0.049629","1"
"44.809863","221.665867","38.213832","14.834612","225.42431","0.18315","2"
"45.1971","15.097656","28.580564","-8.419736","33.401793","0.746887","3"
"45.720722","200.251647","20.614768","9.834644","201.550021","0.757836","1"
"46.306186","221.074521","38.453108","14.855528","224.885019","0.605674","2"
"46.732105","14.835835","29.856363","-8.015409","34.289228","0.063318","3"
"47.185946","200.248593","20.611355","10.227513","201.56619","0.17551","1"
"47.7998","219.64171","39.041981","15.324893","223.610397","0.353281","2"
"47.997146","15.053813","30.540567","-8.40125","35.07028","0.055061","3"
"48.293957","199.825137","20.881759","9.805342","201.152375","0.782326","1"
"48.555477","219.651988","39.189007","15.573456","223.663378","0.914105","2"
"49.171749","14.887929","30.751911","-8.492789","35.205936","0.490722","3"
"49.653379","198.802712","20.901894","9.75863","200.136549","0.560783","1"
"50.236163","218.494901","38.723811","15.569651","222.445431","0.760855","2"
"50.643322","14.729366","31.47426","-8.589294","35.796078","0.718412","3"
"50.989054","198.12595","20.324601","9.789455","199.406155","0.340195","1"
"51.595154","218.608521","38.597464","15.245799","222.51266","0.878045","2"
"51.812389","15.206015","31.691313","-7.669413","35.977522","0.183983","3"
"52.247336","198.273968","21.001483","9.736027","199.620687","0.667757","1"
"52.790401","218.324751","38.814992","15.12581","222.263561","0.139644","2"
"53.016045","14.53833","32.454437","-7.907685","36.430551","0.266055","3"
"53.596798","197.930569","21.253921","9.711362","199.305167","0.53744","1"
"54.161241","216.980443","38.522741","15.298977","220.90399","0.522314","2"
"54.76076","15.433594","33.510813","-8.095024","37.77168","0.476157","3"
"55.048004","197.143818","21.065402","10.348871","198.53598","0.181431","1"
"55.595286","216.761572","38.701967","14.809397","220.686972","0.893264","2"
"55.978888","15.118217","33.545089","-8.378118","37.736273","0.236458","3"
"56.534266","195.746395","21.179236","9.926533","197.138904","0.967244","1"
"56.809719","216.495965","38.470893","14.685658","220.37736","0.31025","2"
"57.124339","14.907527","34.511019","-7.690751","38.371766","0.714304","3"
"57.72842","196.339489","20.384086","9.554421","197.625891","0.895907","1"
"58.077272","215.506194","39.309986","14.874598","219.566501","0.431326","2"
"58.397107","14.973186","34.567356","-8.160554","38.544689","0.074708","3"
"58.698204","195.640962","20.368914","10.015227","196.953252","0.669182","1"
"59.264434","214.61131","38.873727","14.944284","218.614987","0.259218","2"
"59.641128","15.045233","35.003298","-8.023429","38.935399","0.875477","3"
"60.002316","194.991823","21.058823","10.152233","196.388271","0.929444","1"
"60.391263","214.635727","38.785404","14.746793","218.60986","0.852705","2"
"60.763803","14.65196","35.377421","-8.591058","39.243447","0.649436","3"
"61.269088","193.982458","21.298338","9.596008","195.383973","0.035031","1"
"61.695832","213.906837","38.829007","14.506231","217.885881","0.836507","2"
"62.262376","15.000664","36.324074","-7.55664","40.019509","0.448875","3"
"62.814642","194.162474","20.804475","10.024026","195.531004","0.019535","1"
"63.283786","213.835208","39.437595","14.924113","217.953089","0.59983","2"
"63.804862","14.814673","37.139689","-7.808018","40.740596","0.23159","3"
"64.278707","193.248691","20.939999","10.364961","194.656037","0.519933","1"
"64.539727","213.159247","38.726111","14.934535","217.16265","0.314695","2"
"64.74725","14.689227","37.246402","-7.651576","40.762906","0.050935","3"
"65.355952","192.976682","21.016515","10.408143","194.396561","0.006645","1"
"65.748798","212.775209","39.41883","15.5855","216.956313","0.992291","2"
"66.322137","14.827137","37.710486","-7.923788","41.288148","0.259859","3"
"66.596834","192.106769","21.31054","10.428323","193.566267","0.168676","1"
"66.85327","211.346472","39.411714","14.81944","215.499954","0.26474","2"
"67.088028","15.186609","38.704693","-8.353609","42.408361","0.956982","3"
"67.451122","191.432369","20.551681","9.862991","192.78486","0.625506","1"
"68.035931","211.803407","39.554043","15.184007","215.999443","0.747851","2"
"68.586885","15.41315","38.79681","-7.625788","42.437133","0.62598","3"
"69.131287","190.775603","21.318773","9.622704","192.204103","0.099475","1"
"69.530416","210.774865","39.26719","15.146013","214.935705","0.877216","2"
"70.130009","14.417267","39.071339","-7.909545","42.390896","0.882196","3"
"70.674431","190.778722","21.246323","9.437122","192.189975","0.576168","1"
"71.115095","209.818883","39.658923","15.525605","214.09773","0.339839","2"
"71.47101","15.143935","39.545404","-8.469098","43.184527","0.325599","3"
"71.795958","189.880225","20.511642","10.268264","191.260724","0.436552","1"
"72.32011","210.130359","39.389819","14.527022","214.283364","0.458962","2"
"72.911403","15.137606","40.61669","-7.989668","44.076041","0.671886","3"
"73.48988","189.296013","20.945397","10.325372","190.730971","0.919619","1"
"74.09144","208.508538","39.064568","14.682811","212.643918","0.03356","2"
"74.530528","14.818547","41.65902","-7.585103","44.861978","0.699669","3"
"75.09688","188.30937","21.219785","9.755295","189.752111","0.547789","1"
"75.463813","208.887763","39.080429","14.566593","213.010711","0.100033","2"
"76.04314","14.556966","41.997304","-7.913633","45.147584","0.641411","3"
"76.653349","188.098915","21.131664","9.719341","189.531567","0.434208","1"
"77.16995","207.289507","38.959757","14.627359","211.425548","0.367507","2"
"77.411686","14.481331","42.864799","-7.772008","45.90756","0.847717","3"
"77.78237","186.880011","21.656856","9.887419","188.390337","0.580888","1"
"78.208641","206.596645","38.811736","15.552986","210.785246","0.247039","2"
"78.793512","14.613291","42.769731","-7.794668","45.864528","0.012058","3"
"79.337518","186.846001","21.656892","10.113118","188.368586","0.055813","1"
"79.889054","206.88328","39.235193","14.893846","211.096941","0.934665","2"
"80.345082","14.447851","43.610907","-7.485714","46.547691","0.407481","3"
"80.682193","185.744152","21.530713","9.749333","187.241852","0.666659","1"
"81.207031","205.559892","38.789872","15.589301","209.767847","0.081704","2"
"81.801006","15.054716","44.385301","-8.577106","47.64731","0.514048","3"
"82.239401","184.883883","21.430467","9.612889","186.369854","0.540221","1"
"82.639625","204.905859","38.878368","15.161016","209.11192","0.003316","2"
"83.070192","15.11175","44.885755","-8.03418","48.037944","0.953553","3"
"83.478918","185.117156","20.976504","10.064009","186.573469","0.889968","1"
"83.979208","204.621543","39.786811","14.405341","208.950904","0.228337","2"
"84.425371","14.995992","45.936184","-7.984927","48.977258","0.11496","3"
"84.736845","184.21833","21.285016","10.476988","185.739636","0.347404","1"
"85.183914","204.073731","38.930843","14.86602","208.285134","0.906972","2"
"85.442375","15.5919","45.445261","-8.254646","48.749547","0.097188","3"
"85.706238","184.273951","21.49154","9.445038","185.763247","0.561873","1"
"86.014836","203.604164","39.855092","14.554933","207.978196","0.786116","2"
"86.272533","14.497308","46.425999","-7.461115","49.205829","0.935306","3"
"86.454227","183.426198","21.520514","10.023064","184.956115","0.704512","1"
"86.735266","203.068975","39.420315","14.548936","207.370782","0.346576","2"
"86.978634","14.925218","46.989327","-7.824357","49.91973","0.711648","3"
"87.481894","182.990952","21.493997","10.488715","184.547266","0.03774","1"
"88.048848","203.40953","39.753223","15.540825","207.839536","0.822692","2"
"88.239177","14.842935","46.919484","-8.466351","49.934255","0.170818","3"
"88.650567","183.026202","21.043958","9.943653","184.500176","0.903123","1"
"89.225471","202.293501","39.474782","15.09994","206.661383","0.867554","2"
"89.453478","14.551285","47.627471","-7.770854","50.403393","0.417855","3"
"90.009496","182.068107","21.139369","9.900956","183.55843","0.051434","1"
"90.584967","201.869853","39.661594","15.493597","206.311733","0.055867","2"
"90.843643","14.904483","48.437206","-7.764167","51.269766","0.681036","3"
"91.402273","181.849802","21.356671","10.543954","183.402925","0.82069","1"
"91.770513","201.067403","39.291205","15.291896","205.44036","0.814138","2"
"92.138767","15.196948","48.180111","-8.552349","51.238784","0.928632","3"
"92.650249","180.819931","20.993097","10.0394","182.311127","0.968106","1"
"93.107476","200.348569","39.954687","14.471928","204.805671","0.272021","2"
"93.329835","15.556621","49.019133","-8.123387","52.066047","0.724312","3"
"93.719762","180.723023","21.906363","10.482696","182.347434","0.007032","1"
"94.080225","200.651953","39.52426","15.444318","205.089981","0.990036","2"
"94.55887","15.557448","49.812056","-7.876011","52.776005","0.623584","3"
"94.842126","180.000017","21.6778","10.579239","181.609068","0.302498","1"
"95.41869","199.62529","39.074757","15.274106","203.986253","0.050974","2"
"95.957626","15.280682","50.215912","-7.782472","53.063207","0.724421","3"
"96.341772","179.926872","20.883161","9.422721","181.379639","0.337032","1"
"96.898741","199.59891","39.052614","14.439212","203.895372","0.518488","2"
"97.129485","15.219979","50.553409","-7.948644","53.389848","0.289368","3"
"97.602316","178.963406","21.29812","9.923627","180.499277","0.037348","1"
"98.105647","198.49708","39.312948","14.513615","202.872482","0.823031","2"
"98.385156","14.841846","50.948225","-7.578472","53.604434","0.191268","3"
"98.862703","178.129603","21.978469","9.575013","179.73561","0.526069","1"
"99.418194","198.763772","39.565883","14.719551","203.197345","0.766837","2"
"99.812778","14.634577","52.137323","-8.042947","54.746326","0.187169","3"
"100.088682","178.504868","21.693451","9.926865","180.092022","0.385451","1"
"100.423613","197.668679","40.096437","15.172711","202.264288","0.989576","2"
"100.697226","14.949053","52.817254","-8.364916","55.525745","0.110876","3"
"101.092185","177.611204","21.293988","10.40969","179.185757","0.842246","1"
"101.670552","197.622819","39.10907","14.420073","201.970881","0.435977","2"
"102.172931","15.481769","52.427165","-7.796577","55.21847","0.549659","3"
"102.590251","176.997591","22.023164","10.489012","178.670608","0.605066","1"
"102.890984","197.035512","39.84296","14.958987","201.579329","0.839153","2"
"103.204779","14.661856","53.068824","-8.412478","55.695959","0.313311","3"
"103.558951","177.100235","21.39291","9.5865","178.645041","0.278295","1"
"104.147896","196.714855","39.968484","15.146359","201.304809","0.281789","2"
"104.524835","15.358103","54.072478","-8.596308","56.864758","0.652772","3"
"104.903118","175.672753","21.360207","9.51312","177.222103","0.450212","1"
"105.365382","195.811282","39.015888","15.109005","200.231316","0.836482","2"
"105.888775","15.370326","54.891904","-8.597293","57.64791","0.538167","3"
"106.371129","175.32576","22.192057","10.2441","177.021329","0.040131","1"
"106.875343","195.154599","40.131165","14.869469","199.792215","0.620238","2"
"107.345106","15.27923","54.822896","-7.849135","57.450968","0.157477","3"
"107.734535","174.229173","21.911921","10.37566","175.907906","0.388512","1"
"107.926574","195.146035","39.228596","15.247268","199.633005","0.6718","2"
"108.477007","15.559587","55.890864","-8.217279","58.595334","0.497857","3"
"108.710166","173.780083","22.034211","9.500558","175.428859","0.594622","1"
"109.306506","194.45288","40.167545","15.555535","199.166586","0.915922","2"
"109.889299","14.804027","56.670697","-8.031166","59.120442","0.791659","3"
"110.46918","173.329735","21.54158","9.920032","174.944688","0.360507","1"
"110.96409","192.869505","39.10742","15.136493","197.375656","0.510807","2"
"111.492205","14.791937","56.575948","-8.56206","59.101169","0.198236","3"
"112.011237","173.267002","21.825482","10.472041","174.949905","0.499422","1"
"112.466938","193.239558","39.324398","14.437319","197.728023","0.21125","2"
"112.943776","14.549731","57.776754","-7.523447","60.053728","0.473072","3"
"113.427671","172.918383","21.942278","10.497277","174.620799","0.762981","1"
"113.858281","192.254566","39.518363","15.550113","196.889119","0.782151","2"
"114.064152","15.595394","57.574009","-7.91241","60.171331","0.803451","3"
"114.516782","171.915343","22.207759","10.317652","173.650579","0.145395","1"
"114.765277","192.057297","39.166629","15.569527","196.62767","0.165066","2"
"114.950744","14.489397","58.126536","-8.333468","60.482093","0.685876","3"
"115.390753","171.269938","21.297267","9.568806","172.854064","0.820136","1"
"115.934267","191.458682","39.590959","14.722363","196.062793","0.628667","2"
"116.205783","14.901232","59.00163","-8.466541","61.440389","0.440626","3"
"116.663173","171.210073","21.899752","9.673177","172.875848","0.591637","1"
"116.915467","190.555227","39.176448","15.30208","195.141595","0.317401","2"
"117.5245","15.512854","59.631626","-7.700802","62.095747","0.750555","3"
"117.922332","170.100441","21.312792","9.727062","171.706176","0.191222","1"
"118.445715","190.681787","39.274945","15.303426","195.285074","0.977284","2"
"119.062951","14.560446","60.174085","-8.436749","62.482844","0.937404","3"
"119.567662","169.245095","22.305206","10.040777","171.00363","0.534634","1"
"119.89664","189.583004","39.372496","15.156568","194.220572","0.521571","2"
"120.241418","14.711339","60.365722","-7.612076","62.597025","0.84506","3"
"120.816884","169.736647","21.965","10.021697","171.445108","0.133596","1"
"121.004866","188.935231","39.683212","15.503993","193.679252","0.660208","2"
"121.52496","15.110346","61.486862","-8.299564","63.857963","0.597918","3"
"121.718425","168.97034","22.285242","10.377195","170.749213","0.579424","1"
"122.30417","188.033412","39.465121","14.657637","192.688625","0.411967","2"
"122.50415","14.453774","61.439133","-7.698823","63.5842","0.816728","3"
"122.913377","168.341043","21.554036","10.489353","170.039142","0.078496","1"
"123.134709","188.291122","39.392969","14.402935","192.906187","0.919263","2"
"123.508418","15.195374","61.281234","-7.551473","63.587057","0.761693","3"
"124.016936","168.006102","22.333864","9.439066","169.746716","0.490971","1"
"124.547952","187.541733","39.955351","14.692616","192.312779","0.922912","2"
"125.122992","15.24918","62.446766","-8.472664","64.83766","0.088186","3"
"125.731257","167.562758","22.052932","9.52392","169.275854","0.139239","1"
"126.044309","186.861401","40.447689","14.606241","191.746033","0.503982","2"
"126.45495","14.94613","63.567609","-7.525921","65.733303","0.139176","3"
"126.749058","167.35886","21.683268","9.943606","169.05037","0.665334","1"
"127.13486","186.183523","39.855347","14.712012","190.969097","0.018965","2"
"127.378399","15.47753","62.916647","-7.418141","65.215698","0.180677","3"
"127.728365","165.866677","21.334538","10.497112","167.562246","0.945934","1"
"128.18645","185.590102","40.406575","15.28144","190.551567","0.459303","2"
"128.548298","15.13619","64.257654","-7.965713","66.495135","0.966787","3"
"128.879065","165.866136","22.146238","9.525605","167.608973","0.663574","1"
"129.456502","185.495417","40.493351","14.928935","190.449821","0.620455","2"
"129.998707","14.821562","64.454408","-8.498839","66.680429","0.994831","3"
"130.356664","165.032492","22.530515","10.589429","166.899621","0.117695","1"
"130.726022","185.022588","40.520309","15.538958","190.043976","0.507165","2"
"131.009713","14.509686","65.124672","-7.407558","67.131407","0.252044","3"
"131.565579","164.655252","22.48752","9.751868","166.469635","0.676311","1"
"132.030826","184.211531","40.472577","14.78557","189.183854","0.277412","2"
"132.649504","14.561086","65.802469","-8.247435","67.897057","0.122742","3"
"132.953016","164.333193","22.376913","10.287642","166.168469","0.054854","1"
"133.174691","184.227655","40.275561","14.893053","189.165939","0.536428","2"
"133.752035","15.035924","66.449949","-7.882994","68.584374","0.427913","3"
"134.289254","163.965069","22.5734","9.626482","165.791349","0.766216","1"
"134.643434","183.357283","39.522735","14.889588","188.158549","0.346543","2"
"134.904416","14.890176","66.84945","-7.743465","68.924071","0.120698","3"
"135.214709","163.647662","22.235074","10.391668","165.477922","0.226457","1"
"135.654798","182.752053","40.447772","15.526618","187.817494","0.15733","2"
"135.931621","15.234854","67.112264","-7.691846","69.248258","0.773255","3"
"136.163696","162.801631","21.817564","10.472075","164.590527","0.465551","1"
"136.427971","182.302277","39.909615","15.033106","187.224176","0.726878","2"
"136.98539","15.070377","67.426893","-8.128209","69.567018","0.870803","3"
"137.467333","162.835149","21.483416","9.748216","164.535257","0.240308","1"
"137.664137","182.610133","40.547388","14.845259","187.645765","0.836801","2"
"138.08143","15.553605","67.426644","-8.562314","69.725033","0.546164","3"
"138.569497","162.287354","21.873471","10.161682","164.069783","0.228191","1"
"139.054006","181.112385","40.403331","14.697873","186.145515","0.929163","2"
"139.290223","14.974644","68.075641","-8.480585","70.217186","0.368686","3"
"139.484507","161.850546","22.033427","9.481654","163.618376","0.471095","1"
"139.771806","181.50929","39.769344","15.019785","186.421074","0.735065","2"
"140.066554","15.107958","69.357803","-8.532086","71.495116","0.926248","3"
"140.347841","160.623488","21.930727","10.577709","162.458455","0.026726","1"
"140.946861","180.477767","40.44555","14.597962","185.529424","0.178738","2"
"141.386613","14.653909","69.70591","-8.16678","71.696215","0.112542","3"
"141.812713","160.693984","22.490202","9.402836","162.532393","0.804337","1"
"142.290859","180.250286","40.685152","15.072372","185.398553","0.302303","2"
"142.480662","15.213776","70.217021","-7.520396","72.238808","0.967399","3"
"142.705585","159.648872","22.390191","9.786375","161.508068","0.698967","1"
"143.319622","179.354894","39.745833","14.487344","184.276402","0.416367","2"
"143.852909","14.502692","70.161419","-7.532832","72.039547","0.880751","3"
"144.047108","159.99013","22.600254","9.884735","161.880577","0.175746","1"
"144.468238","179.668287","40.694038","14.70271","184.804945","0.248644","2"
"144.964961","14.618792","71.23842","-7.785055","73.138422","0.004447","3"
"145.265597","158.888754","22.630728","9.637083","160.781402","0.076639","1"
"145.637435","178.836579","40.121719","15.19446","183.910701","0.126094","2"
"146.008853","15.059285","71.599386","-7.896805","73.590853","0.001412","3"
"146.449345","158.160524","21.680361","10.215471","159.966076","0.270033","1"
"146.679512","178.768834","40.090602","15.268709","183.844189","0.419376","2"
"146.997955","14.658204","71.686039","-8.511998","73.66278","0.979142","3"
"147.531768","157.832656","22.19407","9.482007","159.667255","0.142195","1"
"147.88161","177.540672","39.724338","15.375202","182.579051","0.444755","2"
"148.294232","14.952757","71.928665","-8.266578","73.930062","0.740706","3"
"148.913624","156.925557","22.057523","9.701015","158.76484","0.656616","1"
"149.311622","176.82429","39.77734","14.890906","181.853802","0.890431","2"
"149.695041","14.409896","72.454952","-7.666167","74.270689","0.761995","3"
"149.972205","156.469078","22.098739","10.219489","158.352028","0.321973","1"
"150.198423","176.394853","40.446637","14.932561","181.587599","0.615409","2"
"150.546901","14.563135","72.938117","-8.318234","74.841479","0.741347","3"
"151.01439","156.703097","21.822203","10.579861","158.568606","0.420756","1"
"151.307431","176.885264","39.915494","14.900062","181.944099","0.483692","2"
"151.791681","14.658333","73.242694","-8.386511","75.164437","0.67988","3"
"152.137895","155.569997","22.05435","9.460808","157.410055","0.223928","1"
"152.529468","175.441225","40.31354","15.547054","180.683469","0.635665","2"
"153.120191","14.875619","74.801738","-7.837476","76.668181","0.273712","3"
"153.458373","155.974236","22.757775","10.201289","157.955515","0.237047","1"
"154.014439","175.766844","39.91339","14.828925","180.850654","0.505083","2"
"154.352328","15.411521","75.377071","-8.360941","77.389426","0.630495","3"
"154.923824","155.519997","22.304028","10.316705","157.44959","0.237651","1"
"155.247401","175.186946","39.976322","14.413052","180.267325","0.260498","2"
"155.676903","14.503543","74.994233","-8.182937","76.820883","0.487296","3"
"156.23555","154.924196","22.426892","9.571608","156.831399","0.124187","1"
"156.783325","173.953437","40.240649","15.529034","179.221257","0.825183","2"
"157.183472","15.46474","76.560414","-7.945291","78.509763","0.865089","3"
"157.644154","153.343964","22.151201","9.79046","155.244646","0.745902","1"
"158.239276","174.034952","39.948141","14.877343","179.179669","0.947402","2"
"158.654144","15.179141","77.077588","-8.111309","78.975656","0.669996","3"
"159.172246","153.390632","22.773694","10.44417","155.423318","0.644521","1"
"159.530988","172.725148","40.77045","14.490034","178.062257","0.794643","2"
"159.954925","15.099104","77.232206","-7.473514","79.048403","0.737318","3"
"160.328097","153.109697","22.597824","9.574945","155.064247","0.622584","1"
"160.700946","172.822607","40.829987","15.121982","178.222938","0.543838","2"
"161.297929","15.368575","77.351146","-8.365275","79.305553","0.590395","3"
"161.560019","152.104378","21.823608","9.725038","153.969438","0.056771","1"
"162.091075","171.400378","39.930552","15.481284","176.669773","0.458857","2"
"162.431431","14.777023","77.917706","-7.963112","79.705335","0.191499","3"
"162.770214","151.48082","22.08962","10.192562","153.421897","0.508375","1"
"163.241","172.025019","40.716518","15.34159","177.442402","0.231703","2"
"163.422867","15.423502","78.301732","-8.208436","80.227328","0.696831","3"
"163.866465","150.698232","22.600758","9.981561","152.710127","0.608076","1"
"164.085221","171.183103","40.187378","15.458361","176.515271","0.939463","2"
"164.429561","15.348312","79.372035","-7.775683","81.215465","0.258139","3"
"164.664169","150.861548","22.252548","9.892183","152.81439","0.182966","1"
"165.098238","170.779249","40.489927","15.224674","176.172576","0.929517","2"
"165.365374","15.291683","79.112075","-8.553006","81.029068","0.052529","3"
"165.961146","150.71082","22.797039","9.645086","152.730102","0.85977","1"
"166.256714","170.406442","40.808795","15.507197","175.909597","0.103418","2"
"166.779236","14.518211","79.836985","-7.734794","81.514107","0.134873","3"
"167.342308","149.390851","21.95372","10.031824","151.328218","0.107596","1"
"167.736658","169.59152","40.887995","14.572005","175.058434","0.119401","2"
"168.356069","15.108694","81.227635","-7.93386","83.000889","0.410041","3"
"168.687875","148.991371","22.209423","10.395325","150.99586","0.994527","1"
"169.100232","168.418593","40.603036","15.392593","173.926309","0.995483","2"
"169.468943","15.305555","81.052344","-8.231919","82.894554","0.404508","3"
"169.859669","148.389742","22.896143","10.062827","150.482588","0.0589","1"
"170.46611","168.652331","40.783786","15.51788","174.206","0.56537","2"
"170.826879","14.442556","81.882906","-8.498195","83.580004","0.861107","3"
"171.302593","148.369087","22.218343","10.015148","150.357387","0.758406","1"
"171.66368","168.34036","40.569336","15.271774","173.832031","0.606789","2"
"172.211832","15.208087","81.979961","-7.962756","83.758017","0.678706","3"
"172.714145","147.025588","22.594577","10.286595","149.106849","0.640479","1"
"173.212262","167.611296","40.453444","14.995461","173.074815","0.440856","2"
"173.673099","15.213484","82.703927","-8.283119","84.498519","0.583687","3"
"174.069852","146.795736","22.575775","10.559265","148.896446","0.323406","1"
"174.542632","166.748845","41.07838","15.057994","172.393022","0.992948","2"
"174.992352","15.336423","82.973261","-7.46532","84.708317","0.222191","3"
"175.302495","146.370057","22.219088","9.703432","148.364545","0.83284","1"
"175.60257","166.285612","41.083061","14.93323","171.935232","0.138113","2"
"176.166121","14.860916","84.243114","-8.513879","85.966478","0.120142","3"
"176.66893","145.876929","22.327533","9.57135","147.885794","0.114168","1"
"177.031888","165.289966","40.347205","14.649157","170.772561","0.013297","2"
"177.293393","14.705288","85.009096","-7.704942","86.614999","0.027479","3"
"177.888155","145.570947","22.588902","9.728832","147.634039","0.145076","1"
"178.130053","165.209312","40.129744","14.917473","170.66647","0.310789","2"
"178.732619","15.056051","84.499198","-7.60647","86.166452","0.4517","3"
"179.036397","145.208121","23.059665","9.913823","147.361563","0.259291","1"
"179.237561","164.779148","41.193687","15.397678","170.546697","0.806376","2"
"179.458472","14.705379","85.912952","-8.312525","87.557875","0.647602","3"
"179.646609","144.641245","22.248663","9.900256","146.676883","0.195471","1"
"179.886036","164.988201","40.622802","15.512029","170.622219","0.979465","2"
"180.160069","15.020086","86.027255","-7.601597","87.658861","0.15379","3"
"180.722475","143.708422","22.609034","10.307116","145.84072","0.731985","1"
"181.056064","163.887622","40.747888","14.983909","169.540734","0.979378","2"
"181.409221","15.378849","86.314774","-8.03882","88.041876","0.052097","3"
"181.979147","143.652299","23.100006","10.340351","145.864718","0.292297","1"
"182.327679","163.324462","40.866157","15.158965","169.040578","0.316638","2"
"182.653333","14.878896","87.17649","-8.061535","88.803774","0.045578","3"
"183.067132","143.410701","22.252728","10.213131","145.485811","0.937272","1"
"183.65036","163.274031","40.388032","15.009093","168.863481","0.298537","2"
"184.083735","14.460773","87.485223","-8.074998","89.039227","0.801932","3"
"184.404251","142.36765","23.329395","10.449513","144.644394","0.093271","1"
"184.867653","162.605354","40.192691","15.047647","168.173676","0.770762","2"
"185.24596","15.080621","88.142535","-8.07285","89.786984","0.400953","3"
"185.843954","142.014618","22.281242","9.929215","144.094395","0.448016","1"
"186.307516","162.022972","41.304384","15.036454","167.87969","0.135668","2"
"186.508141","14.850263","88.094645","-8.017893","89.696619","0.716445","3"
"186.83439","141.861589","22.408755","10.396647","143.996364","0.997284","1"
"187.446984","161.18783","40.224282","14.82654","166.791294","0.401483","2"
"187.989202","15.279221","89.014538","-7.511784","90.628194","0.486573","3"
"188.322869","140.372345","23.13097","9.527949","142.584076","0.348551","1"
"188.510915","161.392607","40.468503","15.587382","167.117443","0.157473","2"
"188.951651","14.907664","89.286571","-7.713289","90.850564","0.046395","3"
"189.249956","140.403561","22.876319","10.387913","142.633778","0.438379","1"
"189.726518","160.189244","41.388483","14.930409","166.121996","0.417784","2"
"190.135472","15.056502","90.12394","-8.552565","91.772377","0.624795","3"
"190.716652","139.512061","22.282304","9.452567","141.596141","0.786424","1"
"191.332363","159.784544","40.503262","14.563845","165.480272","0.698159","2"
"191.670641","15.091193","90.120526","-7.792321","91.706999","0.404703","3"
"192.097092","139.907908","22.607322","9.770866","142.059084","0.132608","1"
"192.460177","158.808377","41.158063","14.962162","164.73601","0.812568","2"
"193.059905","14.525365","90.860878","-7.773392","92.342357","0.828202","3"
"193.447234","138.452311","22.495113","9.837629","140.612415","0.245699","1"
"193.809849","158.485973","40.781459","15.543002","164.385267","0.056144","2"
"194.275304","14.655266","91.469352","-8.449878","93.020533","0.078655","3"
"194.498429","137.966185","22.652383","9.444765","140.132088","0.857668","1"
"194.911531","157.867793","40.819849","15.488306","163.793735","0.208692","2"
"195.404106","14.941895","92.129117","-8.322515","93.703248","0.832498","3"
"195.973849","137.459402","22.946277","9.770003","139.703514","0.226958","1"
"196.202073","157.492918","41.324259","14.91284","163.505677","0.989668","2"
"196.450284","15.114375","92.291983","-8.296506","93.888692","0.483846","3"
"196.719772","137.745624","23.071835","9.867776","140.01264","0.714557","1"
"197.225807","157.555619","40.689339","15.397406","163.451753","0.298425","2"
"197.491902","15.403973","92.651697","-8.412802","94.299494","0.535301","3"
"198.095823","137.226471","22.568263","9.544004","139.396983","0.170364","1"
"198.426191","156.909596","40.480114","15.477773","162.784589","0.969055","2"
"198.906794","14.874297","93.96292","-8.542837","95.515732","0.702644","3"
"199.497958","136.75863","22.585152","9.907691","138.964651","0.005311","1"
"200.075626","156.389093","40.592752","15.020016","162.268052","0.091509","2"
"200.282201","14.437467","94.327788","-8.588107","95.811939","0.031286","3"
"200.582302","135.348123","23.202765","10.470478","137.721145","0.026212","1"
"200.89405","155.542048","40.65227","14.499058","161.419201","0.1421","2"
"201.292386","15.264207","94.786068","-8.095091","96.347938","0.03137","3"
"201.624512","135.886096","22.698156","9.554233","138.099677","0.36396","1"
"201.909758","155.409192","41.426053","14.580825","161.495311","0.63151","2"
"202.139365","15.2351","95.075343","-8.565806","96.668517","0.109965","3"
"202.455995","134.407815","22.528668","10.440229","136.682113","0.6961","1"
"202.865944","155.07657","41.594578","14.425709","161.204691","0.403217","2"
"203.26734","15.308913","94.865908","-8.262828","96.447797","0.509093","3"
"203.528133","134.095774","23.33963","9.982372","136.477334","0.745767","1"
"203.746298","154.790233","41.111225","15.175141","160.873969","0.792091","2"
"204.188925","14.795283","95.772553","-8.287333","97.262337","0.913469","3"
"204.63447","134.394262","22.674183","10.567099","136.702596","0.831576","1"
"205.018383","154.064658","41.478313","15.269589","160.279536","0.508758","2"
"205.467745","14.416803","95.944533","-7.729628","97.329054","0.860787","3"
"205.859723","133.656582","23.148131","10.169914","136.027002","0.447891","1"
"206.464214","153.833422","40.691401","14.739273","159.805376","0.023227","2"
"206.867495","14.984302","96.801035","-8.51028","98.32291","0.09922","3"
"207.132507","132.671409","23.345909","9.529546","135.04646","0.799707","1"
"207.628966","152.900081","40.64096","14.93928","158.912884","0.045652","2"
"208.046553","14.774553","96.796671","-7.428138","98.199084","0.133581","3"
"208.258557","132.647005","23.508537","10.342197","135.110474","0.310324","1"
"208.87804","152.606271","41.576461","15.375198","158.914042","0.948718","2"
"209.342507","15.146301","98.389246","-7.460773","99.827437","0.324118","3"
"209.952177","131.475778","23.4626","10.150526","133.938071","0.315549","1"
"210.303616","151.450363","40.673088","15.510724","157.582026","0.141563","2"
"210.87737","14.991141","98.089451","-7.884869","99.541176","0.90792","3"
"211.344524","131.766573","22.792744","9.578976","134.066013","0.950491","1"
"211.92542","151.190967","41.353372","15.317331","157.491049","0.100395","2"
"212.287581","14.823771","99.624508","-8.408916","101.07174","0.15319","3"
"212.510396","130.984488","22.774955","9.550339","133.292324","0.06913","1"
"212.834229","150.67086","41.059106","15.193203","156.902491","0.743946","2"
"213.347676","14.997065","100.079959","-7.827679","101.499668","0.415429","3"
"213.750408","130.438921","22.934416","10.485694","132.854241","0.296095","1"
"214.240075","149.942893","41.500018","15.598638","156.35997","0.412992","2"
"214.556542","15.081202","100.709734","-7.969947","102.144081","0.901546","3"
"214.752599","129.718066","23.748739","10.326896","132.277829","0.044257","1"
"215.018773","149.495957","41.795898","15.032175","155.954816","0.581027","2"
"215.243474","15.064681","100.431632","-8.11376","101.878803","0.192656","3"
"215.605446","129.771421","22.636251","9.818817","132.096294","0.594187","1"
"216.109106","148.729787","41.819666","15.43577","155.266535","0.449401","2"
"216.579889","15.552438","100.552214","-7.745252","102.042221","0.758977","3"
"217.093948","128.885792","23.692949","10.311348","131.450474","0.707454","1"
"217.418871","148.753689","40.808322","15.119213","154.988934","0.219579","2"
"217.673527","15.243476","101.718866","-8.211539","103.181978","0.194501","3"
"217.919478","128.968171","23.068969","10.367451","131.424695","0.99942","1"
"218.336519","148.377695","41.452217","15.517029","154.838641","0.165953","2"
"218.937518","14.936128","101.445437","-8.212385","102.867429","0.383388","3"
"219.221131","127.542306","23.004185","10.321402","130.010629","0.821802","1"
"219.641907","147.97854","41.612653","15.237296","154.471474","0.863286","2"
"220.198354","15.178669","102.366265","-8.444678","103.82946","0.424514","3"
"220.39274","127.234676","23.49546","10.202369","129.787471","0.299512","1"
"220.90226","147.373312","41.134744","15.255445","153.765044","0.220248","2"
"221.16734","15.488081","103.409794","-7.887795","104.860305","0.750638","3"
"221.735683","126.848948","23.685459","9.659147","129.402302","0.984094","1"
"222.351439","146.540003","41.909855","15.002299","153.151812","0.647283","2"
"222.733739","14.576327","103.711051","-7.468492","104.996332","0.14386","3"
"223.305267","125.807864","23.371426","10.007612","128.351059","0.133256","1"
"223.759737","146.36747","41.245707","14.428201","152.750835","0.634479","2"
"224.207521","15.393971","104.227583","-7.942896","105.657243","0.628437","3"
"224.669334","125.947509","22.97586","10.53653","128.458879","0.98069","1"
"225.013871","145.91342","40.999017","14.574409","152.263124","0.434158","2"
"225.454801","14.825043","104.278286","-8.57437","105.67527","0.83974","3"
"225.899668","125.711519","23.278197","10.082812","128.24556","0.33041","1"
"226.092854","144.907235","41.303292","14.952298","151.418757","0.126844","2"
"226.314124","14.488624","105.383155","-7.902228","106.66759","0.375493","3"
"226.565425","125.309706","23.31596","10.448175","127.887922","0.006798","1"
"227.05456","145.207592","41.632169","15.55468","151.856611","0.769913","2"
"227.252365","15.572267","105.293432","-8.513377","106.778649","0.540233","3"
"227.550985","124.587877","23.276946","9.620513","127.108259","0.032509","1"
"228.002664","144.143151","41.997651","14.660612","150.850867","0.598469","2"
"228.293524","14.79673","106.136802","-7.615683","107.433527","0.886893","3"
"228.605565","123.473686","23.555121","10.323817","126.123654","0.272112","1"
"229.095195","144.287582","41.175522","14.417472","150.738826","0.13716","2"
"229.550876","14.763029","106.34639","-7.641084","107.637762","0.289944","3"
"229.754231","122.922019","23.27159","10.504018","125.545705","0.857253","1"
"230.137095","143.567364","41.562766","15.058761","150.219232","0.758043","2"
"230.643496","15.489573","106.527136","-8.269987","107.964578","0.754842","3"
"230.987164","122.702376","23.906841","9.490408","125.369367","0.46982","1"
"231.592693","142.577298","41.597512","15.360088","149.313667","0.836529","2"
"231.925207","14.820197","107.254796","-8.544079","108.610455","0.405962","3"
"232.243774","123.026863","23.102352","10.512679","125.617849","0.545389","1"
"232.527743","142.909801","41.83742","15.555613","149.718262","0.425839","2"
"232.977305","14.977314","107.317744","-8.585834","108.697446","0.530291","3"
"233.507425","122.177579","22.911692","9.711661","124.686097","0.765188","1"
"233.846878","141.705307","41.352316","14.795133","148.35533","0.32283","2"
"234.326615","14.895174","108.482367","-8.499817","109.829582","0.510632","3"
"234.555407","121.265463","23.57312","9.571607","123.905691","0.443116","1"
"235.073084","141.540182","41.270284","15.275546","148.223486","0.518549","2"
"235.427219","14.967482","109.365852","-7.820598","110.661994","0.857179","3"
"235.821067","120.734105","23.646772","9.723738","123.411689","0.040803","1"
"236.281657","140.57282","41.078773","14.737695","147.191654","0.043569","2"
"236.849194","15.124634","109.900224","-7.874717","111.215219","0.864168","3"
"237.391599","120.201793","23.810194","9.942854","122.940054","0.314949","1"
"237.702292","140.687563","42.061204","15.082426","147.613058","0.762843","2"
"237.913089","14.906509","109.657032","-7.710597","110.933863","0.369427","3"
"238.484466","119.871099","23.842478","9.966517","122.624939","0.836812","1"
"238.825254","140.079112","41.323829","14.45122","146.760534","0.872926","2"
"239.343303","14.644186","110.241281","-8.480676","111.53257","0.562352","3"
"239.595281","119.817297","23.812834","10.438544","122.605869","0.6949","1"
"240.203785","139.432572","41.546623","14.801464","146.241743","0.560151","2"
"240.62604","14.883284","110.489966","-7.991673","111.773931","0.970808","3"
"240.900911","118.299199","23.458659","10.494382","121.058421","0.154077","1"
"241.23577","139.1404","41.475582","15.321108","145.996613","0.498741","2"
"241.416745","14.564814","111.593133","-7.904657","112.816864","0.546655","3"
"241.637903","118.717512","24.000914","9.407604","121.484133","0.599257","1"
"241.904685","138.687636","41.523561","14.455523","145.490304","0.395554","2"
"242.139403","14.491008","111.562297","-7.505663","112.749592","0.286232","3"
"242.742987","118.406635","23.974268","9.486251","121.18121","0.65731","1"
"243.232589","138.241353","41.4712","15.534431","145.161464","0.2104","2"
"243.536112","14.99027","112.782964","-8.159945","114.067041","0.692684","3"
"244.084184","117.004704","24.109486","10.345477","119.909954","0.46661","1"
"244.651115","137.35347","41.089192","15.489218","144.201988","0.773575","2"
"245.040531","15.182591","112.706645","-7.980282","114.004315","0.02972","3"
"245.34202","116.952027","23.642839","9.97763","119.734346","0.53605","1"
"245.611476","136.674871","41.796021","15.506571","143.761544","0.843013","2"
"245.906319","14.78272","113.722568","-7.644877","114.933874","0.318524","3"
"246.396669","116.903206","23.150885","9.824302","119.577757","0.559026","1"
"246.587363","136.076093","41.817081","14.934405","143.137723","0.406844","2"
"246.931737","15.339264","114.155235","-8.242039","115.47572","0.181364","3"
"247.134389","116.212974","24.11001","10.498767","119.151047","0.934289","1"
"247.659498","135.410572","41.63506","15.396795","142.501097","0.489375","2"
"248.049283","15.008213","114.722351","-7.466139","115.940534","0.205602","3"
"248.475883","115.905152","23.39144","10.10699","118.673144","0.068235","1"
"248.94237","135.571861","42.299456","15.548887","142.866166","0.005414","2"
"249.154838","15.477405","114.073336","-8.510583","115.43269","0.162474","3"
"249.519897","115.189428","23.496686","10.288934","118.010851","0.791531","1"
"250.031287","134.966585","42.293617","15.433977","142.277675","0.534187","2"
"250.511531","14.869639","114.872983","-7.562948","116.078019","0.08224","3"
"250.919215","114.315064","23.948198","9.687683","117.197701","0.84639","1"
"251.386413","134.492669","41.507712","14.676079","141.515213","0.530257","2"
"251.762258","15.044097","116.194255","-7.50773","117.404411","0.860498","3"
"252.332318","114.619684","23.615735","10.201826","117.47107","0.068787","1"
"252.946582","133.41676","41.446916","14.584024","140.465556","0.452443","2"
"253.160616","15.321876","116.157784","-8.534034","117.474339","0.385862","3"
"253.454902","113.418458","23.330092","10.4502","116.263694","0.487952","1"
"253.996954","133.014274","42.150575","14.673749","140.302484","0.509751","2"
"254.554527","14.650869","116.39071","-8.347375","117.605799","0.346429","3"
"254.829748","113.097125","23.273323","9.401379","115.84901","0.647686","1"
"255.310264","132.208578","41.885967","15.354507","139.532445","0.095275","2"
"255.624695","14.448416","117.362758","-7.655249","118.496314","0.76904","3"
"256.193872","112.043211","23.513858","10.413045","114.956575","0.270516","1"
"256.397561","132.228853","41.249871","14.906728","139.313431","0.037653","2"
"256.860189","14.658637","117.438281","-8.409875","118.648015","0.210667","3"
"257.382469","111.47588","23.260829","10.368309","114.347889","0.236031","1"
"257.770442","132.007414","41.695503","14.888742","139.234144","0.702871","2"
"258.050469","15.413203","118.154959","-7.66413","119.402261","0.182427","3"
"258.574768","111.691206","24.474492","9.950901","114.773458","0.625258","1"
"259.042641","131.78201","41.550403","15.528006","139.046946","0.292591","2"
"259.568725","15.121712","119.163013","-7.443805","120.349076","0.005349","3"
"259.954407","111.301036","23.765505","10.101707","114.257448","0.317367","1"
"260.204116","130.162595","42.135139","15.061513","137.639094","0.296373","2"
"260.453926","15.415691","119.772857","-8.4304","121.05475","0.043182","3"
"260.726107","110.037102","23.578929","9.687816","112.951244","0.255155","1"
"261.301446","129.91616","42.125621","15.039815","137.400774","0.556411","2"
"261.831088","15.511753","119.441144","-7.9828","120.708435","0.449477","3"
"262.394434","109.321189","23.808667","9.882324","112.319345","0.23541","1"
"262.717768","129.605552","42.212822","14.955029","137.124667","0.023999","2"
"263.224349","14.460532","120.488583","-8.404746","121.643929","0.466598","3"
"263.759801","108.818595","23.45156","10.476187","111.808822","0.083089","1"
"264.233794","128.875482","41.81984","15.25001","136.346439","0.106851","2"
"264.523129","14.675788","121.526088","-8.565987","122.708373","0.522726","3"
"264.805194","109.358055","23.586955","9.522141","112.277335","0.425133","1"
"265.008493","128.639373","41.875012","15.487108","136.167013","0.717421","2"
"265.520102","14.870012","121.83145","-8.340984","123.018663","0.512926","3"
"266.073246","108.577647","24.001944","9.479897","111.602273","0.748565","1"
"266.530393","128.473825","41.593856","14.917494","135.860605","0.781312","2"
"266.927392","15.270518","122.332246","-8.245898","123.55712","0.986922","3"
"267.149604","107.917808","24.245287","10.527758","111.107699","0.792032","1"
"267.664898","128.026398","41.827189","15.285095","135.550383","0.413647","2"
"268.001272","15.297827","122.168589","-8.384718","123.407825","0.329432","3"
"268.302928","107.453438","23.621861","9.634499","110.440288","0.258797","1"
"268.691845","127.414367","42.376854","14.735735","135.082791","0.892844","2"
"269.041161","15.380337","123.29467","-8.215433","124.52158","0.931955","3"
"269.36527","107.186786","23.586261","10.502802","110.252563","0.621483","1"
"269.612643","126.994659","42.429439","14.908578","134.722553","0.750895","2"
"270.22238","14.916195","123.819151","-7.816479","124.959082","0.393169","3"
"270.790325","106.476599","24.642473","9.522176","109.705011","0.504822","1"
"271.355745","126.103788","42.058579","14.443546","133.715016","0.512109","2"
"271.700812","15.374165","124.016649","-8.543655","125.257687","0.407224","3"
"272.296649","105.18368","23.512098","10.366749","108.276935","0.086128","1"
"272.735617","125.603086","41.796287","15.069502","133.229707","0.17631","2"
"273.172217","15.355418","125.02107","-8.066575","126.218566","0.282122","3"
"273.371863","105.723009","23.663534","10.463932","108.843058","0.011152","1"
"273.864716","125.376539","42.283178","15.37878","133.205294","0.056","2"
"274.381984","14.731956","124.742669","-8.111729","125.871221","0.24633","3"
"274.712164","104.350553","24.449587","9.419909","107.589752","0.805812","1"
"275.267534","124.276182","42.688015","15.080167","132.265821","0.804605","2"
"275.559729","14.903282","125.646202","-7.489397","126.74844","0.921641","3"
"275.774829","104.559034","23.591441","10.305","107.681664","0.467459","1"
"276.142193","124.231489","42.180509","14.442962","131.98961","0.696194","2"
"276.371466","14.973065","125.724884","-7.700451","126.847294","0.31961","3"
"276.688717","103.840548","24.567313","9.773905","107.153822","0.834993","1"
"277.004441","123.084648","42.423896","15.16645","131.071121","0.429007","2"
"277.464953","15.580189","126.618069","-8.501594","127.855992","0.756164","3"
"277.773269","103.22383","24.431203","10.472812","106.591381","0.976227","1"
"278.369568","122.76192","41.97278","15.52732","130.664842","0.820503","2"
"278.842304","15.291286","127.39971","-8.215524","128.576842","0.693828","3"
"279.18755","102.380907","23.847266","9.696635","105.567832","0.492671","1"
"279.681482","122.620078","41.732433","14.508611","130.337175","0.613177","2"
"279.88686","14.515633","127.440849","-8.209808","128.52733","0.82993","3"
"280.261488","101.818596","24.143892","9.735565","105.093935","0.404567","1"
"280.751607","122.392787","41.98733","15.328077","130.299194","0.373477","2"
"280.96724","14.652572","128.495903","-8.010699","129.576488","0.169684","3"
"281.396159","101.554183","24.105296","10.533856","104.906051","0.053446","1"
"281.76879","121.977844","42.012685","15.107201","129.891831","0.042683","2"
"282.265462","14.751392","128.707487","-8.263","129.81332","0.918548","3"
"282.819362","101.604638","23.649335","9.531404","104.755149","0.378167","1"
"283.24501","120.788412","42.199052","15.498995","128.882968","0.989014","2"
"283.697155","15.463622","129.084181","-7.551537","130.226246","0.411686","3"
"284.098476","100.875278","24.409387","10.50499","104.3168","0.047451","1"
"284.618979","120.691307","42.223797","14.726056","128.709352","0.392134","2"
"285.096004","15.342268","130.17309","-8.315655","131.337614","0.684857","3"
"285.457278","99.660412","23.720916","10.425819","102.973673","0.523704","1"
"285.750363","119.630375","42.644514","14.535501","127.832946","0.611393","2"
"286.050466","15.390193","130.126555","-7.452961","131.245285","0.434937","3"
"286.473102","99.470657","24.234787","9.613177","102.830685","0.53968","1"
"286.677674","119.79886","42.551168","14.680059","127.976063","0.144678","2"
"286.926771","14.834258","130.790233","-7.739157","131.856114","0.703111","3"
"287.446921","99.190841","23.977736","9.677167","102.50562","0.577027","1"
"287.84316","119.530438","42.423205","14.820018","127.698422","0.154676","2"
"288.154455","15.43838","131.03728","-8.228681","132.199938","0.774488","3"
"288.751887","98.370127","24.338751","10.404132","101.869046","0.84069","1"
"289.086147","118.388396","42.555884","15.23673","126.724005","0.629011","2"
"289.592811","14.901466","131.987979","-7.747794","133.052277","0.366664","3"
"290.166667","98.094539","23.849915","9.891767","101.435714","0.838325","1"
"290.716636","118.023174","42.068942","14.854607","126.174184","0.943484","2"
"291.203598","15.283803","131.823184","-8.572434","132.98283","0.241283","3"
"291.467431","97.174753","24.251695","9.950672","100.648364","0.195969","1"
"292.066358","117.758915","42.857852","15.452015","126.264494","0.352521","2"
"292.438163","15.298956","132.853331","-7.877647","133.96314","0.834608","3"
"292.650531","96.552344","24.84311","10.580021","100.25703","0.259548","1"
"293.194828","117.199136","41.918564","14.965329","125.366521","0.933649","2"
"293.526734","15.537727","132.834094","-7.528049","133.951443","0.14305","3"
"293.976933","96.216593","24.60168","9.947191","99.808927","0.438482","1"
"294.413537","115.768097","42.224529","15.017043","124.139738","0.414556","2"
"294.610905","15.087683","133.38198","-8.531258","134.503432","0.402405","3"
"294.831257","95.665731","24.608308","10.053078","99.290308","0.869921","1"
"295.294177","116.406897","41.967064","15.316108","124.685136","0.413335","2"
"295.65299","14.470432","134.688611","-7.969707","135.697942","0.850727","3"
"295.83475","96.023325","23.842427","10.280355","99.471735","0.738434","1"
"296.101357","115.14436","41.923632","14.596175","123.405279","0.251418","2"
"296.305738","15.257242","134.284718","-7.917447","135.380408","0.220075","3"
"296.597885","95.524453","23.900868","9.482443","98.924665","0.84194","1"
"296.89501","115.055984","42.553213","14.428046","123.518517","0.50005","2"
"297.407376","14.549253","135.387016","-8.548811","136.434626","0.03209","3"
"297.818155","94.423802","24.845305","10.196171","98.16876","0.410555","1"
"298.135086","114.866041","42.437071","14.782621","123.343578","0.205572","2"
"298.31623","14.412748","135.282481","-8.248624","136.297897","0.814509","3"
"298.904828","94.454115","24.538671","10.052018","98.105908","0.158456","1"
"299.4486","113.650121","42.923641","15.219966","122.435437","0.584535","2"
"299.941336","14.574132","136.55222","-8.319704","137.579547","0.983055","3"
"300.153216","93.566661","23.933221","9.557667","97.050853","0.726921","1"
"300.758207","114.160762","42.751511","14.589888","122.773108","0.908869","2"
"301.240002","14.53052","136.79008","-7.564243","137.767484","0.839339","3"
"301.532453","93.718594","24.271398","9.650636","97.29034","0.571418","1"
"301.826967","113.326828","42.351305","15.461042","121.965761","0.205334","2"
"302.23095","14.675515","136.495066","-8.505271","137.544951","0.699793","3"
"302.484033","93.062624","24.222009","9.802955","96.661552","0.133116","1"
"303.020473","113.313227","42.377304","15.079071","121.914321","0.848619","2"
"303.213361","15.354005","137.214822","-7.838625","138.293518","0.472558","3"
"303.709276","92.191358","25.151794","10.412759","96.1264","0.328965","1"
"304.289196","112.624259","42.890562","15.194594","121.468924","0.722796","2"
"304.686553","15.407111","137.538232","-7.488734","138.600958","0.217868","3"
"305.190522","92.141123","24.723266","9.950136","95.917838","0.742773","1"
"305.41348","112.172109","42.447526","15.276018","120.90381","0.029248","2"
"305.712595","14.930227","138.66863","-8.167707","139.709026","0.542127","3"
"306.097307","91.068074","24.853985","9.893973","94.915781","0.487345","1"
"306.373231","111.002604","42.340906","15.299971","119.784889","0.790885","2"
"306.690215","15.379694","138.900045","-7.864401","139.970019","0.639122","3"
"307.297381","91.347045","24.530192","9.81763","95.091529","0.112326","1"
"307.592517","110.41974","43.128963","15.470048","119.548939","0.374925","2"
"308.144983","15.48293","139.141029","-7.622339","140.207158","0.05825","3"
"308.530486","89.973576","24.521888","9.544042","93.742499","0.257541","1"
"308.843898","109.830149","42.908566","14.926452","118.855398","0.999861","2"
"309.245434","14.975834","140.32852","-7.798926","141.340696","0.431444","3"
"309.549172","89.744964","24.973962","9.509072","93.639093","0.058416","1"
"309.91724","109.244255","42.500469","14.697502","118.138113","0.280454","2"
"310.225466","14.713868","140.687173","-8.555937","141.713029","0.640832","3"
"310.544315","90.130612","24.625811","10.230071","93.992618","0.323832","1"
"310.80396","109.3481","42.608172","14.826551","118.28901","0.335915","2"
"311.358112","14.536038","141.364686","-8.182203","142.345422","0.608833","3"
"311.882108","88.772674","24.392233","9.952316","92.59923","0.093704","1"
"312.304182","108.384449","42.295627","15.307562","117.347477","0.630823","2"
"312.686203","15.30467","140.924634","-7.592503","141.956442","0.966116","3"
"312.884529","88.340606","24.925113","10.357454","92.372078","0.684295","1"
"313.301017","107.821761","42.314882","14.812475","116.771104","0.250432","2"
"313.866641","15.409504","141.728163","-7.694026","142.770876","0.208073","3"
"314.184828","87.457589","24.146686","10.166903","91.297635","0.498644","1"
"314.799897","108.38391","42.56216","15.531617","117.472723","0.090665","2"
"315.062937","15.34816","142.586518","-8.526917","143.663459","0.864693","3"
"315.43087","87.208369","24.870078","9.867211","91.220515","0.294264","1"
"315.855914","107.244709","42.374664","15.196643","116.309835","0.07136","2"
"316.376909","14.547793","143.379828","-8.348203","144.357563","0.217286","3"
"316.868831","87.163123","24.658123","10.057874","91.140517","0.316761","1"
"317.245273","107.027742","42.788205","14.809125","116.211351","0.977325","2"
"317.443648","15.511946","143.62656","-7.751344","144.669597","0.495567","3"
"317.952477","86.208063","24.311571","9.974843","90.124248","0.823312","1"
"318.412012","105.937844","42.213143","14.952857","115.014626","0.651153","2"
"318.985328","15.378391","143.811108","-7.91873","144.84763","0.723656","3"
"319.546206","85.288934","24.381557","10.270874","89.298115","0.381751","1"
"319.938301","105.468983","42.401285","15.292969","114.697211","0.418234","2"
"320.426956","15.259808","144.308812","-8.105578","145.339586","0.252503","3"
"320.884288","85.432565","24.801434","9.601963","89.476433","0.324021","1"
"321.277644","104.468899","42.745848","14.863823","113.850303","0.58198","2"
"321.67024","15.211069","145.653734","-7.523509","146.638979","0.42286","3"
"322.127939","84.539752","25.380175","10.140737","88.847946","0.111694","1"
"322.730256","104.776875","42.270307","14.790554","113.946184","0.013532","2"
"323.076626","14.545893","145.541498","-8.527037","146.514917","0.121822","3"
"323.660898","84.603822","24.997454","9.649854","88.745699","0.020855","1"
"323.939427","103.735663","42.494399","14.692445","113.060734","0.238755","2"
"324.498284","15.171657","146.61382","-8.427502","147.637442","0.898578","3"
"325.032987","83.376982","24.601214","9.785537","87.479698","0.787101","1"
"325.362698","103.659219","43.069193","14.760389","113.216864","0.292691","2"
"325.921382","15.174612","146.484596","-8.414276","147.508663","0.945907","3"
"326.261245","83.126471","24.747639","9.717637","87.274786","0.663181","1"
"326.675328","102.264891","43.20251","15.451466","112.086184","0.198931","2"
"326.989945","14.598179","147.591588","-8.145769","148.535306","0.250655","3"
"327.309322","83.129126","25.366496","9.912261","87.476646","0.207388","1"
"327.915719","102.695572","42.382514","14.728442","112.069554","0.781571","2"
"328.165754","14.752646","147.611768","-7.501376","148.53668","0.160208","3"
"328.600259","81.580498","24.378587","9.757357","85.702387","0.875431","1"
"328.881845","101.587561","42.940132","14.97668","111.302239","0.366571","2"
"329.391421","15.188457","148.21865","-8.45318","149.234425","0.481153","3"
"329.648466","81.003386","24.679249","9.459604","85.206209","0.975927","1"
"330.207502","101.630606","43.238467","15.536858","111.533578","0.976823","2"
"330.613301","15.092416","148.382865","-8.020248","149.363918","0.504009","3"
"330.89808","81.309184","25.367226","10.259216","85.79004","0.620512","1"
"331.142075","100.468924","42.865585","15.003714","110.256857","0.019777","2"
"331.344875","14.992137","149.045023","-8.527624","150.039673","0.458352","3"
"331.662171","80.647809","25.491891","10.351059","85.211795","0.606468","1"
"331.891768","100.023582","42.700924","15.527512","109.859863","0.298763","2"
"332.429762","14.907252","149.133225","-8.214831","150.101393","0.362252","3"
"332.897462","79.775723","24.420614","10.57187","84.096948","0.128435","1"
"333.082033","100.490247","43.211268","15.002206","110.410913","0.33571","2"
"333.284593","15.157288","150.310337","-8.564128","151.315185","0.924109","3"
"333.626512","79.714446","25.217376","9.986836","84.20241","0.664786","1"
"333.83214","99.965958","42.781703","15.45199","109.828188","0.391289","2"
"334.110274","14.963829","150.802558","-8.0993","151.759436","0.806889","3"
"334.608277","78.900395","24.532409","9.569011","83.178588","0.365912","1"
"335.180436","99.189202","42.936012","15.518253","109.191644","0.447964","2"
"335.576675","15.330883","150.856956","-8.051793","151.847583","0.555196","3"
"335.968599","78.580505","24.726205","9.418581","82.915563","0.930766","1"
"336.346147","99.028892","43.171081","15.187425","109.092262","0.304006","2"
"336.529513","15.418436","150.917558","-7.897677","151.90856","0.905404","3"
"336.947346","78.990573","24.768547","10.233939","83.412979","0.612977","1"
"337.136753","98.446566","43.218848","15.196778","108.58424","0.032839","2"
"337.711511","15.529275","152.13356","-8.550721","153.162963","0.173334","3"
"338.015815","77.694063","25.496251","9.785755","82.354036","0.909641","1"
"338.6286","97.453141","43.537091","14.983781","107.782683","0.357918","2"
"339.238702","14.909982","152.406114","-7.595796","153.321973","0.358261","3"
"339.437434","77.2261","25.497544","9.431769","81.871567","0.907433","1"
"339.867239","97.272306","43.378822","15.412634","107.615859","0.533816","2"
"340.463029","15.12552","153.084371","-7.420825","154.008684","0.033589","3"
"340.866509","77.435614","25.189608","9.979425","82.038891","0.021497","1"
"341.394283","97.206824","43.510322","15.210754","107.581047","0.921802","2"
"341.710494","14.450796","153.848963","-8.195563","154.743324","0.635472","3"
"342.152907","75.813922","25.489887","9.766864","80.578389","0.990265","1"
"342.58473","95.637706","43.401727","14.560359","106.029641","0.605597","2"
"343.102967","14.979891","153.516626","-7.654824","154.435579","0.964663","3"
"343.449728","75.938369","25.630233","9.943475","80.761485","0.85001","1"
"344.059996","95.928174","43.707335","15.378407","106.531878","0.567865","2"
"344.261506","15.000415","154.185061","-8.474394","155.144645","0.597864","3"
"344.672685","75.523463","25.046467","9.650067","80.151374","0.937421","1"
"345.225157","95.373361","42.901412","15.590856","105.734025","0.461264","2"
"345.583429","14.736592","155.061291","-7.547292","155.942722","0.252776","3"
"345.898577","75.301641","24.63271","10.253159","79.88889","0.542801","1"
"346.366127","94.098536","42.982573","14.984425","104.53023","0.657591","2"
"346.869638","14.571708","156.264434","-7.714574","157.131863","0.941377","3"
"347.081308","74.753915","25.343569","10.042923","79.569496","0.08019","1"
"347.274682","93.648148","43.572433","15.42027","104.433315","0.118137","2"
"347.706536","14.86422","156.524376","-7.410042","157.403094","0.444846","3"
"348.193387","73.675899","24.716628","10.075076","78.361706","0.260712","1"
"348.402582","93.627099","43.168109","15.074245","104.19574","0.94434","2"
"348.750581","14.89891","156.967195","-7.939042","157.872437","0.20217","3"
"349.240093","73.707902","25.27621","9.461204","78.493669","0.389285","1"
"349.624741","93.356851","43.717699","15.356479","104.223607","0.222381","2"
"349.901933","14.61573","156.582773","-7.888606","157.461153","0.970406","3"
"350.19927","72.600985","25.050112","9.450611","77.380392","0.960203","1"
"350.513169","92.26245","43.161808","14.972572","102.953772","0.875025","2"
"350.960906","14.985995","156.866685","-7.890285","157.778305","0.698375","3"
"351.411346","72.018798","24.973525","10.177666","76.902335","0.414701","1"
"351.920662","92.619933","43.705237","15.122816","103.52439","0.979735","2"
"352.114457","15.043794","157.62532","-8.191782","158.553343","0.039821","3"
"352.684551","71.604711","25.720944","10.109758","76.752907","0.677666","1"
"352.928168","91.271957","43.735263","15.108715","102.330917","0.897854","2"
"353.389087","14.884631","157.888454","-8.388826","158.810228","0.780793","3"
"353.998871","71.456611","25.073595","9.51843","76.323869","0.607744","1"
"354.19849","91.75001","43.359272","14.613753","102.526351","0.221962","2"
"354.559402","14.858251","159.189255","-8.525071","160.108287","0.928849","3"
"355.077244","71.208291","24.822051","9.924787","76.060872","0.988448","1"
"355.403165","90.885989","43.284395","15.496517","101.85256","0.553791","2"
"355.816284","14.770223","159.636479","-7.699758","160.503118","0.776249","3"
"356.147901","70.779455","25.557472","10.385865","75.965662","0.002953","1"
"356.51178","89.945234","42.966495","15.278925","100.844982","0.995232","2"
"357.113636","15.285927","160.20465","-8.156596","161.13882","0.266501","3"
"357.629227","69.623205","25.73085","10.194096","74.92254","0.130032","1"
"358.18521","89.350951","43.513029","14.625036","100.453311","0.449152","2"
"358.518044","14.58279","160.444674","-7.946119","161.301866","0.07793","3"
"359.021915","68.930532","25.731382","9.882254","74.237331","0.877376","1"
"359.47025","89.265492","43.880495","14.471385","100.514909","0.510943","2"
"359.885358","15.121915","160.968817","-8.069492","161.87881","0.029684","3"
"360.32644","69.201291","24.91484","10.176716","74.250478","0.791083","1"
"360.582815","88.559028","44.008286","15.144203","100.043878","0.921742","2"
"360.771895","14.621323","161.514414","-8.153118","162.379685","0.655604","3"
"361.068751","68.764211","25.580968","10.185409","74.071892","0.259163","1"
"361.55337","88.687458","43.157969","14.990552","99.763682","0.656647","2"
"361.759862","14.939039","162.23417","-8.419036","163.13792","0.595696","3"
"362.051144","68.510292","25.04051","9.589415","73.570675","0.855785","1"
"362.406565","87.26209","43.726478","15.304582","98.797304","0.90435","2"
"362.689038","14.720193","161.931247","-8.023836","162.79679","0.856741","3"
"363.056222","67.169166","25.487402","9.88466","72.51904","0.245363","1"
"363.539866","87.870235","43.684655","14.619512","99.213192","0.337368","2"
"364.002994","15.203728","163.000648","-7.41126","163.875841","0.730872","3"
"364.501721","67.21806","25.886106","9.429368","72.644828","0.66883","1"
"364.701151","86.237097","43.27132","15.019941","97.646519","0.256918","2"
"364.971296","14.522707","163.7483","-7.69981","164.571266","0.026269","3"
"365.338511","66.895848","25.838582","10.162463","72.429017","0.231229","1"
"365.892317","86.822707","43.298752","15.486528","98.248649","0.905598","2"
"366.199373","14.740215","164.393968","-7.615427","165.229069","0.212312","3"
"366.700095","65.939417","25.802141","9.427535","71.432734","0.179969","1"
"367.089348","85.724087","43.078823","15.373568","97.163526","0.812582","2"
"367.452286","15.451977","163.751578","-8.423642","164.694568","0.040488","3"
"367.890936","64.98243","26.049731","9.587989","70.662821","0.911879","1"
"368.450122","85.696172","44.083679","15.311266","97.578888","0.881312","2"
"368.98644","14.898416","165.506356","-8.45735","166.390635","0.380067","3"
"369.501124","64.230877","25.558747","9.765167","69.815568","0.528006","1"
"370.008335","84.417567","43.982946","15.084227","96.376133","0.550695","2"
"370.191626","15.16554","166.065419","-7.612635","166.930133","0.815461","3"
"370.799707","64.739985","25.196005","10.437943","70.249946","0.317756","1"
"371.071335","83.958887","43.968312","15.490318","96.032584","0.350525","2"
"371.628808","14.996529","166.674473","-8.43004","167.559963","0.370155","3"
"371.835308","63.798733","25.007363","9.917488","69.238739","0.051937","1"
"372.190418","83.515771","43.839308","15.142751","95.530476","0.296827","2"
"372.474677","14.663802","166.286505","-7.872845","167.117356","0.904401","3"
"372.753166","63.903957","25.16086","10.532713","69.481815","0.908399","1"
"373.335001","82.863706","43.094133","15.361343","94.654471","0.171823","2"
"373.699774","14.619107","167.079817","-7.455463","167.883792","0.670112","3"
"373.988258","62.755626","25.872684","9.640041","68.560884","0.490467","1"
"374.402709","82.886569","43.683489","15.325041","94.938335","0.417483","2"
"374.851017","14.61941","167.528685","-7.918249","168.351674","0.080804","3"
"375.465917","62.866023","25.307076","9.405037","68.418124","0.126688","1"
"376.074618","81.875627","43.09878","14.679882","93.683627","0.456893","2"
"376.62417","14.875454","167.850641","-8.288699","168.712238","0.631998","3"
"376.89894","62.012279","25.965399","10.538617","68.049888","0.050273","1"
"377.465278","81.465525","43.269079","14.538594","93.382095","0.371558","2"
"377.914007","14.792838","168.568404","-7.968267","169.403744","0.298608","3"
"378.415392","61.238683","25.688588","10.264378","67.197004","0.183414","1"
"378.794206","81.450453","43.802788","15.392512","93.753879","0.69579","2"
"379.366135","14.773034","169.316755","-7.708231","170.13472","0.650577","3"
"379.606253","60.432591","25.450241","9.566644","66.267137","0.202095","1"
"380.160955","80.239894","43.855056","15.021423","92.667954","0.202764","2"
"380.555509","15.354608","169.369808","-7.840833","170.245042","0.51594","3"
"381.02017","60.553974","25.74123","10.521552","66.634058","0.726473","1"
"381.286234","80.322878","43.723405","14.491204","92.593174","0.180148","2"
"381.581532","14.588959","170.783646","-8.296331","171.606296","0.159525","3"
"382.01109","58.973306","25.645497","9.957901","65.074589","0.234927","1"
"382.288506","78.875518","43.412205","14.789219","91.239728","0.447012","2"
"382.60381","14.420506","171.284535","-7.978938","172.075583","0.69579","3"
"383.072601","59.517033","26.307797","9.773384","65.801949","0.048834","1"
"383.650966","79.2137","43.816191","14.420002","91.665726","0.454977","2"
"383.941282","15.463105","170.920282","-7.449534","171.779935","0.940056","3"
"384.426699","58.528878","25.615373","9.829993","64.640588","0.635586","1"
"384.814667","78.217116","43.950812","14.877255","90.94462","0.294539","2"
"385.265875","15.304568","171.448376","-8.014862","172.316608","0.418965","3"
"385.52442","58.551905","26.365916","9.856256","64.966398","0.523805","1"
"385.890291","77.553329","43.934374","14.645069","90.328435","0.254148","2"
"386.412577","14.956537","172.188612","-8.588071","173.050198","0.984209","3"
"386.740188","57.940868","25.528514","9.861152","64.078791","0.752882","1"
"387.279858","77.513994","43.97014","15.458359","90.447517","0.223136","2"
"387.587581","14.628933","172.871236","-8.580063","173.701144","0.432452","3"
"387.834272","57.220003","25.293802","10.117244","63.374","0.276466","1"
"388.171462","77.448041","44.23126","14.9219","90.42824","0.517621","2"
"388.573553","15.442073","172.804796","-8.474985","173.70026","0.857663","3"
"388.757458","57.265815","25.998026","9.896205","63.664792","0.95906","1"
"389.292358","76.474366","44.214942","15.281679","89.64831","0.601534","2"
"389.708007","14.711219","173.202054","-8.411508","174.029092","0.233526","3"
"389.989936","56.347026","25.975931","10.326126","62.899644","0.102577","1"
"390.251743","75.974517","44.231862","15.280169","89.230423","0.626958","2"
"390.623334","15.563059","174.467311","-7.559994","175.323144","0.248129","3"
"391.22091","55.654848","25.904241","9.429164","62.107978","0.214263","1"
"391.549186","75.611611","43.461485","14.469065","88.404583","0.62586","2"
"392.024253","15.334841","174.444795","-7.404597","175.273991","0.7409","3"
"392.247329","55.611486","26.103906","9.641669","62.185312","0.285964","1"
"392.817061","74.732825","43.770034","14.401922","87.796505","0.671738","2"
"393.264874","14.565862","175.657741","-7.656145","176.42682","0.523627","3"
"393.813319","54.770051","26.44275","9.983925","61.63324","0.652497","1"
"394.020837","74.78654","43.40584","15.531377","87.853954","0.896536","2"
"394.499934","14.954551","175.74699","-8.424907","176.583187","0.43197","3"
"394.858966","53.644875","26.305567","10.59109","60.678882","0.529057","1"
"395.320257","73.708355","44.093645","15.09685","87.207145","0.362375","2"
"395.80197","14.489853","176.270833","-8.176921","177.054298","0.605598","3"
"396.069429","53.826615","25.785434","10.040712","60.522797","0.788484","1"
"396.26156","73.969435","44.354607","14.812407","87.511233","0.678359","2"
"396.603696","15.259837","176.862371","-8.234174","177.710333","0.606198","3"
"396.970092","53.531534","25.657236","10.083557","60.212931","0.264846","1"
"397.386503","72.880848","44.456202","14.708987","86.627514","0.884331","2"
"397.809232","14.407804","176.918578","-8.450925","177.705336","0.966785","3"
"398.423804","52.303289","26.248805","9.80466","59.336036","0.697764","1"
"398.61845","72.09041","43.395582","14.828912","85.440625","0.404401","2"
"399.051076","14.674957","177.571728","-8.222941","178.366728","0.160566","3"
"399.637092","52.206465","25.792572","10.569412","59.18179","0.938747","1"
"400.243849","72.284752","44.554106","14.505263","86.142651","0.0683","2"
"400.810809","15.28037","177.875946","-7.820485","178.702271","0.236827","3"
"401.000078","51.540556","26.27661","9.852264","58.685231","0.690696","1"
"401.253743","72.060817","43.902966","15.12851","85.726912","0.572912","2"
"401.579748","15.242668","179.137266","-8.401724","179.980799","0.690697","3"
"401.895341","51.61686","26.146776","9.516307","58.638846","0.961566","1"
"402.078254","71.336922","43.900463","14.622578","85.029565","0.996885","2"
"402.330864","14.690838","179.146148","-8.2773","179.937981","0.818308","3"
"402.642708","51.464816","25.87643","9.54472","58.38937","0.383335","1"
"402.869784","70.808039","43.561059","15.148224","84.503331","0.993147","2"
"403.460425","14.569885","179.722884","-8.118082","180.495152","0.606918","3"
"403.758203","50.93495","26.408545","9.876426","58.217903","0.760133","1"
"403.953766","69.901443","43.478405","15.225636","83.716207","0.230207","2"
"404.286112","14.4913","179.839198","-8.143998","180.605813","0.525673","3"
"404.873136","49.773486","25.634557","10.34654","56.934887","0.273267","1"
