"col1","col2","col3","col4","col5","col6","col7","col8"
"1","0.305217","0.311181","0.15136","1","0","0.068228","1"
"2","0.717871","0.617256","0.950388","2","1","0.801547","3"
"3","0.775113","0.649914","0.11898","3","1","0.039116","0"
"4","0.11214","0.025136","0.369266","0","0","0.261721","0"
"5","0.543073","0.425849","0.62098","1","1","0.28998","2"
"6","0.986686","0.869456","0.71887","2","1","0.404227","3"
"7","0.313075","0.299786","0.339604","3","0","0.243621","3"
"8","0.547782","0.409324","0.663838","0","1","0.324433","1"
"9","0.592905","0.425951","0.946843","1","1","0.840477","2"
"10","0.86991","0.792818","0.156341","2","1","0.12987","3"
"11","0.406737","0.408979","0.532451","3","0","0.357258","3"
"12","0.004829","0.012468","0.60594","0","0","0.46114","0"
"13","0.328507","0.259405","0.237581","1","0","0.139364","1"
"14","0.594935","0.575124","0.019893","2","1","0.0263","3"
"15","0.459029","0.364252","0.698569","3","0","0.451479","3"
"16","0.239939","0.222068","0.616528","0","0","0.26349","0"
"17","0.9708","0.903627","0.331665","1","1","0.00959","2"
"18","0.356881","0.231024","0.748142","2","0","0.525737","2"
"19","0.787264","0.713091","0.425053","3","1","0.166941","0"
"20","0.823539","0.639211","0.946488","0","1","0.957979","1"
"21","0.787329","0.68509","0.897193","1","1","0.748016","2"
"22","0.28775","0.2474","0.371782","2","0","0.160125","2"
"23","0.012908","0.067641","0.426037","3","0","0.082909","3"
"24","0.818355","0.713439","0.455449","0","1","0.294496","1"
"25","0.919202","0.825329","0.784056","1","1","0.666692","2"
"26","0.615647","0.51632","0.386979","2","1","0.173862","3"
"27","0.189611","0.239431","0.989355","3","0","0.879788","3"
"28","0.245413","0.250651","0.479701","0","0","0.233875","0"
"29","0.578552","0.506319","0.630851","1","1","0.350797","2"
"30","0.017402","0.066556","0.303048","2","0","0.121544","2"
"31","0.814092","0.63636","0.41728","3","1","0.303376","0"
"32","0.893958","0.770804","0.876629","0","1","0.718024","1"
"33","0.813568","0.697138","0.98427","1","1","0.830633","2"
"34","0.171443","0.080365","0.446854","2","0","0.169783","2"
"35","0.44082","0.313991","0.018762","3","0","-0.060129","3"
"36","0.382647","0.297666","0.347692","0","0","0.130851","0"
"37","0.663228","0.57859","0.341644","1","1","0.022972","2"
"38","0.864512","0.778484","0.26874","2","1","0.107067","3"
"39","0.960531","0.873903","0.176026","3","1","-0.059505","0"
"40","0.23459","0.229227","0.525529","0","0","0.220075","0"
"41","0.420978","0.334841","0.657319","1","0","0.360411","1"
"42","0.944667","0.777543","0.723326","2","1","0.41271","3"
"43","0.539363","0.522767","0.190587","3","1","0.185915","0"
"44","0.182458","0.109709","0.52513","0","0","0.265681","0"
"45","0.089681","0.039048","0.619182","1","0","0.39908","1"
"46","0.28384","0.236033","0.380873","2","0","0.158513","2"
"47","0.211463","0.112376","0.91888","3","0","0.992965","3"
"48","0.587782","0.446136","0.893122","0","1","0.922254","1"
"49","0.332355","0.342889","0.807608","1","0","0.71983","1"
"50","0.991378","0.856837","0.066456","2","1","0.136387","3"
"51","0.000546","0.024166","0.461091","3","0","0.264782","3"
"52","0.366813","0.301182","0.774167","0","0","0.579955","0"
"53","0.959655","0.753097","0.392672","1","1","0.188814","2"
"54","0.257912","0.143888","0.134093","2","0","-0.119988","2"
"55","0.190015","0.089462","0.811486","3","0","0.516246","3"
"56","0.644374","0.554744","0.345681","0","1","0.163368","1"
"57","0.024827","0.047708","0.986636","1","0","0.935905","1"
"58","0.647712","0.546559","0.491042","2","1","0.09809","3"
"59","0.030643","0.034329","0.327715","3","0","0.204222","3"
"60","0.732732","0.571305","0.793379","0","1","0.610639","1"
"61","0.485184","0.338128","0.643551","1","0","0.322691","1"
"62","0.784436","0.691951","0.550352","2","1","0.212366","3"
"63","0.778467","0.667347","0.837313","3","1","0.60506","0"
"64","0.016777","-0.018455","0.562751","0","0","0.363148","0"
"65","0.917174","0.803454","0.0019","1","1","-0.035943","2"
"66","0.107882","0.13773","0.058845","2","0","-0.005953","2"
"67","0.917649","0.793564","0.085461","3","1","0.136363","0"
"68","0.582325","0.464156","0.206392","0","1","0.011589","1"
"69","0.633471","0.544947","0.612383","1","1","0.22526","2"
"70","0.30992","0.321321","0.348807","2","0","0.114009","2"
"71","0.329257","0.29529","0.468023","3","0","0.312165","3"
"72","0.95573","0.733402","0.295131","0","1","0.077469","1"
"73","0.032187","0.092251","0.896904","1","0","0.873687","1"
"74","0.144281","0.095345","0.797837","2","0","0.614446","2"
"75","0.855863","0.691877","0.567148","3","1","0.38135","0"
"76","0.965586","0.839298","0.727182","0","1","0.550416","1"
"77","0.52994","0.457876","0.138676","1","1","-0.009451","2"
"78","0.022148","-0.005983","0.294705","2","0","0.107362","2"
"79","0.140095","0.047228","0.174623","3","0","0.072451","3"
"80","0.462463","0.395155","0.977289","0","0","0.991849","0"
"81","0.079013","0.130843","0.116875","1","0","0.069286","1"
"82","0.300817","0.216071","0.576541","2","0","0.433089","2"
"83","0.282969","0.183718","0.114265","3","0","0.085888","3"
"84","0.071346","0.062067","0.16283","0","0","0.057136","0"
"85","0.852085","0.689146","0.024307","1","1","0.095707","2"
"86","0.74871","0.627722","0.602055","2","1","0.433714","3"
"87","0.55196","0.483684","0.337207","3","1","0.254606","0"
"88","0.746917","0.7091","0.689554","0","1","0.589057","1"
"89","0.054265","0.065319","0.654942","1","0","0.533562","1"
"90","0.829173","0.668198","0.930517","2","1","1.001881","3"
"91","0.88632","0.6928","0.710788","3","1","0.627584","0"
"92","0.149745","0.126807","0.602172","0","0","0.505791","0"
"93","0.665735","0.611918","0.448845","1","1","0.182908","2"
"94","0.696829","0.652114","0.69583","2","1","0.477267","3"
"95","0.671131","0.511815","0.160527","3","1","0.164852","0"
"96","0.985804","0.772128","0.282699","0","1","0.107943","1"
"97","0.150388","0.157991","0.266386","1","0","0.045883","1"
"98","0.542868","0.505102","0.660177","2","1","0.562305","3"
"99","0.753048","0.709008","0.327061","3","1","-0.031655","0"
"100","0.480631","0.422574","0.53786","0","0","0.42423","0"
"101","0.840186","0.682786","0.613471","1","1","0.315768","2"
"102","0.90178","0.715592","0.525721","2","1","0.233913","3"
"103","0.781132","0.612375","0.143003","3","1","0.071044","0"
"104","0.797056","0.752313","0.30765","0","1","0.125735","1"
"105","0.622072","0.56996","0.528009","1","1","0.393801","2"
"106","0.913665","0.766118","0.080617","2","1","-0.141834","3"
"107","0.675943","0.604168","0.866205","3","1","0.711242","0"
"108","0.765096","0.729744","0.835887","0","1","0.588689","1"
"109","0.57279","0.42662","0.183672","1","1","-0.004565","2"
"110","0.978777","0.862622","0.790644","2","1","0.662518","3"
"111","0.084641","0.093589","0.330072","3","0","0.078907","3"
"112","0.482597","0.35013","0.104257","0","0","-0.005511","0"
"113","0.359466","0.292082","0.327112","1","0","0.242789","1"
"114","0.780365","0.58909","0.704377","2","1","0.574018","3"
"115","0.179073","0.171753","0.298365","3","0","-0.050306","3"
"116","0.840613","0.729456","0.811976","0","1","0.792879","1"
"117","0.146676","0.060011","0.044308","1","0","0.035979","1"
"118","0.184227","0.176568","0.595261","2","0","0.453765","2"
"119","0.836374","0.758713","0.132828","3","1","0.042721","0"
"120","0.445345","0.382217","0.034533","0","0","0.022698","0"
"121","0.741693","0.552087","0.239709","1","1","0.038856","2"
"122","0.420037","0.333496","0.043706","2","0","0.112434","2"
"123","0.147548","0.076337","0.363854","3","0","0.186513","3"
"124","0.168514","0.188685","0.656059","0","0","0.362213","0"
"125","0.736734","0.586734","0.690027","1","1","0.457624","2"
"126","0.008401","-0.031072","0.511128","2","0","0.340513","2"
"127","0.702268","0.535527","0.584423","3","1","0.385811","0"
"128","0.905659","0.740086","0.452532","0","1","0.098147","1"
"129","0.775404","0.626115","0.050444","1","1","0.032816","2"
"130","0.801673","0.685456","0.155354","2","1","-0.094974","3"
"131","0.691402","0.582225","0.227442","3","1","0.147842","0"
"132","0.402001","0.367767","0.944432","0","0","0.796047","0"
"133","0.348774","0.351955","0.526053","1","0","0.353327","1"
"134","0.781344","0.674268","0.084672","2","1","-0.073661","3"
"135","0.978538","0.869472","0.246098","3","1","0.161249","0"
"136","0.927459","0.862381","0.70537","0","1","0.556052","1"
"137","0.049629","0.106986","0.04872","1","0","-0.112205","1"
"138","0.362177","0.303209","0.18315","2","0","0.057958","2"
"139","0.164818","0.179598","0.15022","3","0","0.106854","3"
"140","0.045292","0.01645","0.440798","0","0","0.271654","0"
"141","0.921509","0.751084","0.935932","1","1","0.839851","2"
"142","0.605674","0.492934","0.558907","2","1","0.369597","3"
"143","0.487159","0.433664","0.063318","3","0","0.020682","3"
"144","0.419638","0.304774","0.689594","0","0","0.62135","0"
"145","0.264688","0.268304","0.77082","1","0","0.550148","1"
"146","0.039424","0.084413","0.544844","2","0","0.196542","2"
"147","0.055061","0.061282","0.265479","3","0","0.109816","3"
"148","0.337785","0.236761","0.782326","0","0","0.623356","0"
"149","0.883895","0.817568","0.97788","1","1","1.103708","2"
"150","0.406607","0.279911","0.583147","2","0","0.337278","2"
"151","0.685524","0.603641","0.214276","3","1","-0.014428","0"
"152","0.560783","0.422545","0.915417","0","1","0.830555","1"
"153","0.974709","0.831106","0.760855","1","1","0.511242","2"
"154","0.670054","0.604492","0.008922","2","1","-0.036921","3"
"155","0.117794","0.072052","0.133138","3","0","-0.030216","3"
"156","0.968408","0.799618","0.732071","0","1","0.597378","1"
"157","0.878045","0.773807","0.084626","1","1","-0.010311","2"
"158","0.775489","0.671873","0.183983","2","1","0.088312","3"
"159","0.681478","0.606097","0.280022","3","1","0.175957","0"
"160","0.913933","0.793617","0.51928","0","1","0.161545","1"
"161","0.103737","0.113203","0.115275","1","0","0.036367","1"
"162","0.266055","0.284977","0.910802","2","0","0.942052","2"
"163","0.259469","0.280346","0.53744","3","0","0.220883","3"
"164","0.258602","0.223382","0.749147","0","0","0.697258","0"
"165","0.861329","0.719459","0.926078","1","1","0.850468","2"
"166","0.243737","0.239134","0.719984","2","0","0.605594","2"
"167","0.181431","0.169095","0.83473","3","0","0.663783","3"
"168","0.341165","0.284027","0.893264","0","0","0.827474","0"
"169","0.528296","0.406885","0.184901","1","1","0.140128","2"
"170","0.075656","0.054512","0.776018","2","0","0.742377","2"
"171","0.21694","0.133565","0.796706","3","0","0.556154","3"
"172","0.31025","0.251383","0.305955","0","0","0.223307","0"
"173","0.757708","0.718263","0.714304","1","1","0.656587","2"
"174","0.098466","0.147041","0.128684","2","0","-0.018314","2"
"175","0.41554","0.336489","0.865689","3","0","0.728816","3"
"176","0.317808","0.275546","0.477655","0","0","0.188016","0"
"177","0.074708","0.10273","0.275219","1","0","-0.052144","1"
"178","0.512689","0.496234","0.669182","2","1","0.323398","3"
"179","0.487301","0.375681","0.45357","3","0","0.189835","3"
"180","0.537694","0.453916","0.461687","0","1","0.325798","1"
"181","0.411791","0.371194","0.660663","1","0","0.474534","1"
"182","0.929444","0.790035","0.474878","2","1","0.195393","3"
"183","0.288995","0.23566","0.852705","3","0","0.640095","3"
"184","0.38052","0.347352","0.007452","0","0","0.071841","0"
"185","0.262896","0.169596","0.816084","1","0","0.526503","1"
"186","0.560781","0.463807","0.349238","2","1","-0.001475","3"
"187","0.836507","0.711119","0.878509","3","1","0.815247","0"
"188","0.869466","0.794416","0.448875","0","1","0.337645","1"
"189","0.385213","0.250557","0.520022","1","0","0.317566","1"
"190","0.845331","0.708413","0.906949","2","1","0.852505","3"
"191","0.775171","0.704449","0.345561","3","1","0.167408","0"
"192","0.23159","0.229618","0.667831","0","0","0.439953","0"
"193","0.804134","0.632976","0.519933","1","1","0.336813","2"
"194","0.298346","0.223946","0.445446","2","0","0.067188","2"
"195","0.241022","0.251325","0.543798","3","0","0.160996","3"
"196","0.974324","0.832999","0.855151","0","1","0.83332","1"
"197","0.006645","0.057609","0.483739","1","0","0.342153","1"
"198","0.987917","0.902762","0.992291","2","1","0.941425","3"
"199","0.379323","0.284002","0.56351","3","0","0.23211","3"
"200","0.564532","0.536962","0.759656","0","1","0.47768","1"
"201","0.173719","0.202183","0.020705","1","0","-0.044711","1"
"202","0.26474","0.24991","0.124449","2","0","0.147418","2"
"203","0.205326","0.161107","0.956982","3","0","0.856275","3"
"204","0.116595","0.119187","0.385826","0","0","0.274868","0"
"205","0.815415","0.717637","0.944587","1","1","0.966599","2"
"206","0.843077","0.715325","0.844292","2","1","0.806382","3"
"207","0.62598","0.506849","0.828188","3","1","0.756346","0"
"208","0.185586","0.157432","0.099475","0","0","0.004305","0"
"209","0.686862","0.644187","0.621678","1","1","0.522569","2"
"210","0.014389","0.024292","0.180613","2","0","0.14728","2"
"211","0.828232","0.728825","0.884986","3","1","0.642481","0"
"212","0.576168","0.448039","0.59242","0","1","0.49901","1"
"213","0.938004","0.781272","0.339839","1","1","0.151474","2"
"214","0.106317","0.062465","0.109085","2","0","-0.039272","2"
"215","0.528773","0.485225","0.028919","3","1","-0.018198","0"
"216","0.782163","0.705507","0.920671","0","1","0.729391","1"
"217","0.458962","0.408465","0.934757","1","0","0.872245","1"
"218","0.50861","0.49722","0.671886","2","1","0.491872","3"
"219","0.369207","0.380965","0.771143","3","0","0.732089","3"
"220","0.189119","0.11846","0.460997","0","0","0.072586","0"
"221","0.588835","0.548003","0.348789","1","1","0.225378","2"
"222","0.699669","0.574727","0.878074","2","1","0.794347","3"
"223","0.296079","0.239643","0.547789","3","0","0.445714","3"
"224","0.45706","0.324506","0.138827","0","0","0.141541","0"
"225","0.130805","0.1227","0.549321","1","0","0.344177","1"
"226","0.977748","0.828667","0.744435","2","1","0.484019","3"
"227","0.434208","0.329195","0.765004","3","0","0.535783","3"
"228","0.189466","0.103495","0.367507","0","0","0.005394","0"
"229","0.793243","0.729891","0.689993","1","1","0.456102","2"
"230","0.123839","0.090252","0.908434","2","0","0.849519","2"
"231","0.559707","0.427565","0.036895","3","1","0.139608","0"
"232","0.247039","0.158422","0.92016","0","0","0.765808","0"
"233","0.67111","0.622809","0.012058","1","1","0.042085","2"
"234","0.889025","0.684601","0.594265","2","1","0.456471","3"
"235","0.863902","0.720163","0.530714","3","1","0.412057","0"
"236","0.627335","0.515365","0.039876","0","1","0.130162","1"
"237","0.407481","0.297115","0.357071","1","0","0.20762","1"
"238","0.291111","0.29284","0.666659","2","0","0.361146","2"
"239","0.143139","0.05474","0.991085","3","0","1.114504","3"
"240","0.545596","0.386809","0.524065","0","1","0.278859","1"
"241","0.587261","0.525422","0.020359","1","1","-0.096363","2"
"242","0.540221","0.407788","0.500509","2","1","0.160203","3"
"243","0.63418","0.550169","0.003316","3","1","0.027948","0"
"244","0.496895","0.494929","0.471517","0","0","0.228278","0"
"245","0.648585","0.559831","0.270267","1","1","0.190035","2"
"246","0.727932","0.689025","0.410676","2","1","0.01999","3"
"247","0.228337","0.193552","0.604915","3","0","0.485304","3"
"248","0.512561","0.403485","0.11496","0","1","-0.034833","1"
"249","0.511636","0.410475","0.89749","1","1","0.837582","2"
"250","0.375813","0.301577","0.210903","2","0","0.166572","2"
"251","0.17832","0.092834","0.99325","3","0","0.922884","3"
"252","0.097188","0.118686","0.190597","0","0","0.087814","0"
"253","0.037532","-0.001335","0.561873","1","0","0.2483","1"
"254","0.970724","0.870894","0.129111","2","1","-0.080355","3"
"255","0.08109","0.140778","0.659613","3","0","0.565681","3"
"256","0.003849","0.033099","0.280811","0","0","0.084621","0"
"257","0.704512","0.531873","0.229634","1","1","0.082553","2"
"258","0.124113","0.048539","0.346576","2","0","0.10142","2"
"259","0.881917","0.783493","0.646369","3","1","0.488198","0"
"260","0.277789","0.301283","0.651474","0","0","0.28574","0"
"261","0.879439","0.805189","0.825038","1","1","0.815895","2"
"262","0.822692","0.678347","0.023475","2","1","-0.034691","3"
"263","0.111374","0.09881","0.170818","3","0","0.094039","3"
"264","0.261833","0.287057","0.453044","0","0","0.324502","0"
"265","0.306832","0.274133","0.613666","1","0","0.486852","1"
"266","0.109108","0.100343","0.126071","2","0","0.07318","2"
"267","0.417855","0.338122","0.854587","3","0","0.677625","3"
"268","0.417463","0.418651","0.051434","0","0","-0.01847","0"
"269","0.75235","0.568436","0.911331","1","1","0.734167","2"
"270","0.420403","0.388787","0.73573","2","0","0.59561","2"
"271","0.860521","0.729528","0.698964","3","1","0.624539","0"
"272","0.82069","0.645723","0.427818","0","1","0.16169","1"
"273","0.743246","0.620215","0.814138","1","1","0.712058","2"
"274","0.068191","0.126543","0.039709","2","0","0.077587","2"
"275","0.27753","0.241154","0.169453","3","0","0.169146","3"
"276","0.630063","0.609963","0.044758","0","1","-0.130015","1"
"277","0.272021","0.305434","0.09627","1","0","-0.035582","1"
"278","0.397177","0.333938","0.724312","2","0","0.545959","2"
"279","0.917138","0.700693","0.902247","3","1","0.787092","0"
"280","0.63804","0.601576","0.594214","0","1","0.500101","1"
"281","0.678738","0.589905","0.96454","1","1","0.961334","2"
"282","0.623584","0.507875","0.234674","2","1","0.118864","3"
"283","0.982699","0.899499","0.302498","3","1","0.01679","0"
"284","0.202897","0.100618","0.728422","0","0","0.625328","0"
"285","0.733902","0.65282","0.428091","1","1","0.250588","2"
"286","0.463968","0.319444","0.825347","2","0","0.536878","2"
"287","0.337032","0.325995","0.856747","3","0","0.633799","3"
"288","0.032677","-0.033772","0.518488","0","0","0.323825","0"
"289","0.299188","0.220609","0.542796","1","0","0.344285","1"
"290","0.463649","0.383918","0.361738","2","0","-0.007941","2"
"291","0.734845","0.603466","0.25121","3","1","-0.05849","0"
"292","0.823031","0.678489","0.226156","0","1","-0.042238","1"
"293","0.851273","0.751781","0.191268","1","1","-0.050432","2"
"294","0.91294","0.78017","0.145844","2","1","0.127288","3"
"295","0.932844","0.755525","0.562175","3","1","0.396091","0"
"296","0.487689","0.44333","0.195481","0","0","0.027476","0"
"297","0.187169","0.231376","0.217965","1","0","0.095539","1"
"298","0.439054","0.349534","0.385451","2","0","0.110221","2"
"299","0.991736","0.921307","0.643926","3","1","0.328468","0"
"300","0.457544","0.340257","0.937016","0","0","0.761262","0"
"301","0.488542","0.385608","0.558268","1","0","0.414086","1"
"302","0.842246","0.759169","0.90538","2","1","0.715716","3"
"303","0.016728","0.051447","0.435977","3","0","0.310518","3"
"304","0.095445","0.089074","0.669519","0","0","0.460065","0"
"305","0.571247","0.550761","0.903592","1","1","0.847998","2"
"306","0.274394","0.273181","0.708105","2","0","0.491159","2"
"307","0.839153","0.668194","0.304078","3","1","0.023168","0"
"308","0.156269","0.116164","0.313311","0","0","0.246912","0"
"309","0.366271","0.275858","0.155416","1","0","0.152981","1"
"310","0.88081","0.768203","0.838555","2","1","0.637711","3"
"311","0.447589","0.40339","0.798419","3","0","0.488396","3"
"312","0.652772","0.519131","0.450641","0","1","0.149743","1"
"313","0.094267","0.102768","0.450212","1","0","0.218877","1"
"314","0.029506","0.078917","0.590837","2","0","0.43322","2"
"315","0.808605","0.607675","0.848849","3","1","0.731995","0"
"316","0.687167","0.663624","0.501362","0","1","0.312389","1"
"317","0.040131","0.039743","0.73685","1","0","0.674957","1"
"318","0.391224","0.357909","0.620238","2","0","0.454503","2"
"319","0.281626","0.184579","0.625721","3","0","0.384319","3"
"320","0.064732","0.10511","0.746586","0","0","0.523944","0"
"321","0.02736","-0.028784","0.895996","1","0","0.864626","1"
"322","0.6718","0.645642","0.841894","2","1","0.791417","3"
"323","0.318934","0.210425","0.497857","3","0","0.10745","3"
"324","0.836299","0.725994","0.083798","0","1","0.14089","1"
"325","0.801344","0.755214","0.939956","1","1","1.008294","2"
"326","0.915439","0.847082","0.336689","2","1","0.105568","3"
"327","0.791659","0.636482","0.908819","3","1","0.797088","0"
"328","0.43336","0.402869","0.360507","0","0","-0.001429","0"
"329","0.035799","0.032158","0.613744","1","0","0.464033","1"
"330","0.326614","0.202681","0.291018","2","0","-0.005837","2"
"331","0.770528","0.674324","0.759768","3","1","0.695258","0"
"332","0.499422","0.487932","0.626593","0","0","0.301967","0"
"333","0.031099","0.054375","0.21125","1","0","-0.067941","1"
"334","0.78364","0.661786","0.897128","2","1","0.862039","3"
"335","0.965004","0.886557","0.700719","3","1","0.569902","0"
"336","0.569569","0.458865","0.562537","0","1","0.453976","1"
"337","0.782151","0.744215","0.058797","1","1","-0.079777","2"
"338","0.572991","0.506181","0.803451","2","1","0.648631","3"
"339","0.90834","0.715352","0.76471","3","1","0.481483","0"
"340","0.715595","0.684192","0.037625","0","1","-0.099065","1"
"341","0.012426","-0.009808","0.074498","1","0","-0.077817","1"
"342","0.685876","0.547535","0.59093","2","1","0.2408","3"
"343","0.140672","0.171758","0.820136","3","0","0.710392","3"
"344","0.376621","0.340714","0.268635","0","0","-0.015438","0"
"345","0.417694","0.292834","0.662667","1","0","0.421316","1"
"346","0.630431","0.55584","0.673838","2","1","0.372352","3"
"347","0.591637","0.457521","0.164305","3","1","-0.117325","0"
"348","0.751733","0.714985","0.317401","0","1","0.228957","1"
"349","0.726113","0.657285","0.749332","1","1","0.56002","2"
"350","0.18985","0.124981","0.119964","2","0","-0.078242","2"
"351","0.780418","0.596456","0.85749","3","1","0.811145","0"
"352","0.977284","0.772084","0.993718","0","1","1.029388","1"
"353","0.136042","0.153712","0.937404","1","0","0.744604","1"
"354","0.92641","0.79299","0.53398","2","1","0.236712","3"
"355","0.449661","0.403087","0.145039","3","0","0.027508","3"
"356","0.374494","0.30023","0.259449","0","0","0.164295","0"
"357","0.84506","0.782266","0.898788","1","1","0.846007","2"
"358","0.518081","0.363271","0.133596","2","1","-0.042833","3"
"359","0.390116","0.357232","0.919994","3","0","0.928272","3"
"360","0.591955","0.46322","0.871982","0","1","0.789728","1"
"361","0.0306","0.087272","0.576732","1","0","0.426918","1"
"362","0.579424","0.412665","0.922149","2","1","0.757998","3"
"363","0.214698","0.109759","0.411967","3","0","0.03316","3"
"364","0.489491","0.466744","0.75098","0","0","0.570262","0"
"365","0.470551","0.465216","0.258613","1","0","-0.059571","1"
"366","0.093936","0.019306","0.506416","2","0","0.107191","2"
"367","0.919263","0.807424","0.440248","3","1","0.045743","0"
"368","0.873772","0.782168","0.761693","0","1","0.60348","1"
"369","0.894675","0.759029","0.032555","1","1","0.090388","2"
"370","0.376561","0.279092","0.57261","2","0","0.454755","2"
"371","0.897819","0.749161","0.70765","3","1","0.382602","0"
"372","0.088186","0.124276","0.973329","0","0","0.98911","0"
"373","0.103267","0.056159","0.139239","1","0","-0.03061","1"
"374","0.964187","0.820196","0.171868","2","1","0.036794","3"
"375","0.455108","0.450052","0.880442","3","0","0.66693","3"
"376","0.259337","0.191374","0.994554","0","0","0.975039","0"
"377","0.665334","0.509556","0.467731","1","1","0.205853","2"
"378","0.26001","0.164114","0.018965","2","0","0.119742","2"
"379","0.014766","-0.03854","0.984883","3","0","0.93588","3"
"380","0.093825","0.146033","0.01551","0","0","0.134021","0"
"381","0.63201","0.601713","0.023676","1","1","0.07092","2"
"382","0.459303","0.408566","0.41329","2","0","0.237651","2"
"383","0.528573","0.424112","0.966787","3","1","0.933512","0"
"384","0.677543","0.602084","0.104671","0","1","0.131936","1"
"385","0.38929","0.321421","0.959586","1","0","0.956943","1"
"386","0.823193","0.680374","0.351302","2","1","-0.001297","3"
"387","0.994831","0.816579","0.404449","3","1","0.30737","0"
"388","0.991191","0.831369","0.117695","0","1","-0.004269","1"
"389","0.966182","0.822401","0.949132","1","1","0.82155","2"
"390","0.091405","0.156686","0.583827","2","0","0.266467","2"
"391","0.854239","0.794642","0.427329","3","1","0.120577","0"
"392","0.676311","0.530128","0.648289","0","1","0.543307","1"
"393","0.321308","0.352632","0.277412","1","0","-0.032771","1"
"394","0.574731","0.42816","0.293804","2","1","0.020534","3"
"395","0.64455","0.58622","0.818848","3","1","0.536968","0"
"396","0.094714","0.117566","0.634187","0","0","0.375457","0"
"397","0.536428","0.460754","0.903056","1","1","0.884034","2"
"398","0.597505","0.557777","0.427913","2","1","0.274748","3"
"399","0.965885","0.863596","0.188735","3","1","0.00438","0"
"400","0.422938","0.344776","0.085903","0","0","-0.038658","0"
"401","0.184051","0.181723","0.40848","1","0","0.23099","1"
"402","0.120698","0.160972","0.29612","2","0","0.1394","2"
"403","0.82639","0.71701","0.226457","3","1","-0.01695","0"
"404","0.844125","0.662679","0.938848","0","1","0.797452","1"
"405","0.695712","0.632442","0.517486","1","1","0.349768","2"
"406","0.118352","0.070613","0.491986","2","0","0.360069","2"
"407","0.465551","0.342655","0.191534","3","0","0.002484","3"
"408","0.527588","0.505693","0.726878","0","1","0.545946","1"
"409","0.410858","0.408558","0.393159","1","0","0.210444","1"
"410","0.976191","0.796191","0.017838","2","1","-0.077589","3"
"411","0.03819","0.096785","0.857559","3","0","0.696722","3"
"412","0.836801","0.785095","0.539303","0","1","0.148959","1"
"413","0.031405","0.058719","0.546164","1","0","0.419931","1"
"414","0.329107","0.236252","0.634735","2","0","0.460508","2"
"415","0.09589","0.041223","0.764601","3","0","0.713363","3"
"416","0.127766","0.051767","0.47887","0","0","0.10917","0"
"417","0.368686","0.371255","0.032464","1","0","-0.013656","1"
"418","0.068045","0.016856","0.471095","2","0","0.275293","2"
"419","0.227306","0.23082","0.516488","3","0","0.194997","3"
"420","0.589965","0.430525","0.941542","0","1","1.014375","1"
"421","0.230197","0.172402","0.141318","1","0","0.164398","1"
"422","0.026726","-0.020557","0.952319","2","0","0.989748","2"
"423","0.164968","0.154678","0.178738","3","0","-0.054575","3"
"424","0.769611","0.592176","0.361017","0","1","0.148129","1"
"425","0.712769","0.526232","0.802509","1","1","0.735322","2"
"426","0.677604","0.649402","0.510372","2","1","0.278573","3"
"427","0.302303","0.285461","0.022279","3","0","0.094282","3"
"428","0.89967","0.701055","0.967399","0","1","0.832165","1"
"429","0.708006","0.63364","0.321979","1","1","0.249605","2"
"430","0.12428","0.037283","0.163366","2","0","0.001598","2"
"431","0.802924","0.648245","0.085576","3","1","0.124115","0"
"432","0.880751","0.81396","0.03227","0","1","0.110928","1"
"433","0.403946","0.351037","0.175746","1","0","0.117123","1"
"434","0.939178","0.758085","0.252258","2","1","0.129582","3"
"435","0.182327","0.183637","0.794281","3","0","0.482216","3"
"436","0.274172","0.293279","0.416921","0","0","0.083094","0"
"437","0.076639","0.065716","0.435996","1","0","0.174382","1"
"438","0.66205","0.552349","0.126094","2","1","0.030721","3"
"439","0.729723","0.54049","0.585996","3","1","0.371","0"
"440","0.224374","0.219448","0.069684","0","0","-0.064134","0"
"441","0.114016","0.082301","0.811857","1","0","0.726289","1"
"442","0.419376","0.310896","0.314644","2","0","0.085725","2"
"443","0.073335","0.110994","0.979142","3","0","0.907719","3"
"444","0.484245","0.354359","0.068339","0","0","-0.029529","0"
"445","0.209123","0.227782","0.088428","1","0","-0.008754","1"
"446","0.528686","0.402061","0.460631","2","1","0.145536","3"
"447","0.740706","0.558837","0.998619","3","1","0.953195","0"
"448","0.250846","0.212491","0.656616","0","0","0.314938","0"
"449","0.114721","0.159982","0.409088","1","0","0.156047","1"
"450","0.008246","0.05152","0.152529","2","0","0.101864","2"
"451","0.220826","0.16759","0.047837","3","0","0.057161","3"
"452","0.321973","0.204103","0.105041","0","0","0.059449","0"
"453","0.443801","0.358496","0.615409","1","0","0.269512","1"
"454","0.257016","0.257079","0.234805","2","0","0.101149","2"
"455","0.607618","0.59379","0.130823","3","1","-0.006659","0"
"456","0.256911","0.171159","0.861987","0","0","0.718038","0"
"457","0.483692","0.365582","0.691478","1","0","0.350689","1"
"458","0.177908","0.131663","0.67988","2","0","0.329215","2"
"459","0.310234","0.219528","0.050674","3","0","-0.003178","3"
"460","0.086335","0.146325","0.521332","0","0","0.312486","0"
"461","0.93346","0.858942","0.396349","1","1","0.197724","2"
"462","0.273712","0.289556","0.359504","2","0","0.243218","2"
"463","0.667741","0.624331","0.237047","3","1","0.169418","0"
"464","0.169311","0.144728","0.357438","0","0","0.085413","0"
"465","0.842935","0.668369","0.957578","1","1","0.956104","2"
"466","0.889763","0.753655","0.990002","2","1","1.059281","3"
"467","0.237651","0.254117","0.32631","3","0","0.018381","3"
"468","0.010877","0.019973","0.260498","0","0","-0.056255","0"
"469","0.174944","0.14667","0.347553","1","0","0.228962","1"
"470","0.952606","0.752596","0.569465","2","1","0.211547","3"
"471","0.835852","0.69566","0.335361","3","1","0.244725","0"
"472","0.825183","0.763371","0.500334","0","1","0.386173","1"
"473","0.54559","0.485818","0.865089","1","1","0.637007","2"
"474","0.322116","0.313143","0.325383","2","0","0.238912","2"
"475","0.912873","0.759588","0.14546","3","1","0.155379","0"
"476","0.533793","0.51277","0.649284","0","1","0.393743","1"
"477","0.669996","0.601894","0.768412","1","1","0.686984","2"
"478","0.870142","0.724618","0.644521","2","1","0.347448","3"
"479","0.814571","0.739529","0.075029","3","1","0.02195","0"
"480","0.582586","0.565397","0.542615","0","1","0.365626","1"
"481","0.439027","0.398893","0.872915","1","0","0.655717","1"
"482","0.622584","0.571463","0.438293","2","1","0.296969","3"
"483","0.601651","0.583034","0.543838","3","1","0.387904","0"
"484","0.17168","0.160391","0.195604","0","0","-0.055769","0"
"485","0.466321","0.359712","0.000173","1","0","-0.132969","1"
"486","0.797855","0.611401","0.065525","2","1","0.124614","3"
"487","0.458857","0.360298","0.364445","3","0","0.056946","3"
"488","0.53074","0.428869","0.191499","0","1","-0.002251","1"
"489","0.206722","0.177054","0.660468","1","0","0.484481","1"
"490","0.988532","0.885798","0.723252","2","1","0.442605","3"
"491","0.004242","-0.041177","0.852918","3","0","0.67536","3"
"492","0.696831","0.528593","0.599087","0","1","0.394595","1"
"493","0.484634","0.346032","0.608076","1","0","0.39448","1"
"494","0.27175","0.301301","0.881967","2","0","0.739917","2"
"495","0.79026","0.70163","0.759682","3","1","0.504559","0"
"496","0.124108","0.076503","0.517082","0","0","0.24042","0"
"497","0.182966","0.171589","0.577431","1","0","0.33679","1"
"498","0.687229","0.53583","0.929517","2","1","0.936923","3"
"499","0.215515","0.111592","0.039162","3","0","0.135015","3"
"500","0.845418","0.671283","0.756351","0","1","0.679998","1"
"501","0.262655","0.26525","0.695218","1","0","0.610128","1"
"502","0.103418","0.023667","0.778459","2","0","0.553424","2"
"503","0.721005","0.672153","0.134873","3","1","-0.063154","0"
"504","0.036321","-0.031912","0.52652","0","0","0.273371","0"
"505","0.534097","0.396917","0.809955","1","1","0.541847","2"
"506","0.998663","0.917942","0.590578","2","1","0.365318","3"
"507","0.410041","0.327239","0.345012","3","0","0.03881","3"
"508","0.829438","0.709516","0.994527","0","1","0.849256","1"
"509","0.555444","0.551405","0.827161","1","1","0.662862","2"
"510","0.754629","0.610512","0.396157","2","1","0.128293","3"
"511","0.478922","0.453516","0.275669","3","0","0.0917","3"
"512","0.0589","0.083144","0.969185","0","0","0.996018","0"
"513","0.931566","0.777566","0.56537","1","1","0.180282","2"
"514","0.613014","0.578839","0.084838","2","1","0.058821","3"
"515","0.76348","0.650978","0.207337","3","1","0.12051","0"
"516","0.41156","0.349077","0.865921","0","0","0.817763","0"
"517","0.606789","0.543516","0.836709","1","1","0.61283","2"
"518","0.531037","0.488586","0.678706","2","1","0.352025","3"
"519","0.50322","0.450214","0.738829","3","1","0.612767","0"
"520","0.800372","0.679711","0.379383","0","1","0.126188","1"
"521","0.638264","0.510688","0.677903","1","1","0.388773","2"
"522","0.583687","0.483477","0.492621","2","1","0.233857","3"
"523","0.966055","0.847612","0.323406","3","1","0.118779","0"
"524","0.883534","0.829875","0.548328","0","1","0.334564","1"
"525","0.780352","0.73459","0.063728","1","1","-0.079282","2"
"526","0.295779","0.196686","0.497588","2","0","0.173451","2"
"527","0.83284","0.713073","0.272899","3","1","0.186729","0"
"528","0.444359","0.437178","0.138113","0","0","-0.015696","0"
"529","0.71112","0.543674","0.071767","1","1","0.075248","2"
"530","0.5649","0.423012","0.231249","2","1","-0.062273","3"
"531","0.415814","0.312339","0.2028","3","0","-0.046583","3"
"532","0.013297","-0.027992","0.185238","0","0","0.170781","0"
"533","0.745882","0.704822","0.027479","1","1","0.071748","2"
"534","0.433817","0.311956","0.274026","2","0","-0.032707","2"
"535","0.519945","0.43095","0.048161","3","1","-0.054444","0"
"536","0.960378","0.740521","0.54671","0","1","0.397274","1"
"537","0.4517","0.437733","0.281312","1","0","0.172666","1"
"538","0.428186","0.291654","0.259291","2","0","0.081962","2"
"539","0.920937","0.831816","0.831399","3","1","0.569118","0"
"540","0.254482","0.17464","0.950328","0","0","0.947404","0"
"541","0.018492","-0.043753","0.577351","1","0","0.308398","1"
"542","0.195471","0.238195","0.135062","2","0","-0.00063","2"
"543","0.926691","0.741881","0.979465","3","1","0.964374","0"
"544","0.800022","0.624625","0.832003","0","1","0.80296","1"
"545","0.176552","0.191018","0.415164","1","0","0.241957","1"
"546","0.349065","0.300978","0.442641","2","0","0.191908","2"
"547","0.979378","0.882985","0.393539","3","1","0.185598","0"
"548","0.46765","0.459294","0.052097","0","0","0.023599","0"
"549","0.808599","0.654076","0.783626","1","1","0.578977","2"
"550","0.418406","0.376841","0.609368","2","0","0.316321","2"
"551","0.331032","0.342989","0.39908","3","0","0.143881","3"
"552","0.045578","0.078595","0.531362","0","0","0.159025","0"
"553","0.677609","0.642596","0.937272","1","1","0.980274","2"
"554","0.194398","0.133004","0.507577","2","0","0.28039","2"
"555","0.050645","0.033048","0.641712","3","0","0.502374","3"
"556","0.319354","0.346562","0.347862","0","0","0.233387","0"
"557","0.093271","0.112583","0.644095","1","0","0.269778","1"
"558","0.539706","0.450862","0.770762","2","1","0.614229","3"
"559","0.782693","0.649442","0.439292","3","1","0.327973","0"
"560","0.557565","0.464493","0.077985","0","1","-0.009513","1"
"561","0.644459","0.615759","0.726774","1","1","0.537313","2"
"562","0.135668","0.095353","0.046876","2","0","-0.057496","2"
"563","0.485089","0.385507","0.716445","3","0","0.596302","3"
"564","0.171866","0.225652","0.830539","0","0","0.834745","0"
"565","0.429637","0.342063","0.010481","1","0","-0.029445","1"
"566","0.823222","0.707615","0.732684","2","1","0.65888","3"
"567","0.486573","0.342647","0.349244","3","0","0.198503","3"
"568","0.106624","0.013556","0.348551","0","0","0.263286","0"
"569","0.2007","0.11579","0.989485","1","0","1.006855","1"
"570","0.423053","0.397824","0.439065","2","0","0.056696","2"
"571","0.268876","0.233554","0.407119","3","0","0.262724","3"
"572","0.438379","0.355873","0.674005","0","0","0.589929","0"
"573","0.442008","0.378962","0.417784","1","0","0.188669","1"
"574","0.722535","0.634122","0.039529","2","1","0.125095","3"
"575","0.177546","0.077923","0.017962","3","0","0.08625","3"
"576","0.990251","0.792817","0.620114","0","1","0.275502","1"
"577","0.698159","0.605594","0.359724","1","1","0.034115","2"
"578","0.673065","0.581724","0.404703","2","1","0.310956","3"
"579","0.271555","0.172039","0.309055","3","0","0.070346","3"
"580","0.201376","0.166125","0.725967","0","0","0.620799","0"
"581","0.953926","0.780933","0.104471","1","1","0.067566","2"
"582","0.828202","0.663991","0.471201","2","1","0.120382","3"
"583","0.36469","0.296392","0.245699","3","0","0.031895","3"
"584","0.395259","0.264953","0.952502","0","0","0.951888","0"
"585","0.212721","0.120829","0.39477","1","0","0.02944","1"
"586","0.098011","0.047963","0.212937","2","0","-0.093466","2"
"587","0.857668","0.693103","0.529777","3","1","0.254708","0"
"588","0.906922","0.804547","0.208692","0","1","0.029026","1"
"589","0.549494","0.52027","0.231237","1","1","0.169205","2"
"590","0.307016","0.230297","0.505558","2","0","0.173676","2"
"591","0.1096","0.14399","0.414824","3","0","0.150289","3"
"592","0.989668","0.856468","0.155024","0","1","-0.030252","1"
"593","0.252912","0.167516","0.483846","1","0","0.326089","1"
"594","0.600865","0.545065","0.389813","2","1","0.224251","3"
"595","0.825382","0.754562","0.275793","3","1","0.015589","0"
"596","0.195672","0.127001","0.836644","0","0","0.596773","0"
"597","0.535301","0.511902","0.963456","1","1","0.827454","2"
"598","0.120004","0.076683","0.170364","2","0","0.091173","2"
"599","0.086434","0.148518","0.898144","3","0","0.861618","3"
"600","0.395247","0.263582","0.851722","0","0","0.786224","0"
"601","0.934464","0.739986","0.956477","1","1","0.891771","2"
"602","0.005311","0.060628","0.903791","2","0","0.714743","2"
"603","0.51668","0.368842","0.091509","3","1","-0.132259","0"
"604","0.674386","0.498234","0.009911","0","1","-0.068015","1"
"605","0.160575","0.199219","0.661692","1","0","0.2957","1"
"606","0.299427","0.206361","0.431291","2","0","0.060776","2"
"607","0.1421","0.156012","0.496218","3","0","0.307049","3"
"608","0.420758","0.332963","0.03137","0","0","0.143082","0"
"609","0.228157","0.172167","0.128527","1","0","-0.061722","1"
"610","0.676076","0.518774","0.831173","2","1","0.730301","3"
"611","0.112743","0.119406","0.695917","3","0","0.342848","3"
"612","0.109965","0.018715","0.310524","0","0","-0.030618","0"
"613","0.866858","0.740447","0.6961","1","1","0.554621","2"
"614","0.959657","0.800223","0.021424","2","1","0.001411","3"
"615","0.757427","0.608769","0.078021","3","1","0.008815","0"
"616","0.183619","0.194304","0.147992","0","0","0.017494","0"
"617","0.745767","0.682393","0.086739","1","1","0.021281","2"
"618","0.645951","0.564559","0.792091","2","1","0.576229","3"
"619","0.511004","0.500508","0.260556","3","1","0.098942","0"
"620","0.783949","0.74197","0.170555","0","1","0.128562","1"
"621","0.46344","0.447663","0.643649","1","0","0.481681","1"
"622","0.508758","0.354685","0.612186","2","1","0.286792","3"
"623","0.72531","0.613596","0.860787","3","1","0.770371","0"
"624","0.550196","0.459329","0.641595","0","1","0.551069","1"
"625","0.956993","0.778681","0.162032","1","1","-0.116778","2"
"626","0.507458","0.420231","0.486918","2","1","0.109519","3"
"627","0.09922","0.039945","0.193209","3","0","0.09706","3"
"628","0.107955","0.126837","0.799707","0","0","0.665593","0"
"629","0.105438","0.016927","0.4494","1","0","0.213952","1"
"630","0.312128","0.341557","0.014265","2","0","-0.109722","2"
"631","0.072736","0.113113","0.596332","3","0","0.441161","3"
"632","0.310324","0.308448","0.998825","0","0","1.108474","0"
"633","0.812665","0.714208","0.948718","1","1","0.936641","2"
"634","0.887827","0.726512","0.949356","2","1","1.044233","3"
"635","0.213077","0.201185","0.761098","3","0","0.523934","3"
"636","0.389635","0.266994","0.314901","0","0","0.226844","0"
"637","0.141563","0.119147","0.894895","1","0","0.681076","1"
"638","0.595943","0.530971","0.90792","2","1","0.957138","3"
"639","0.18548","0.229737","0.149146","3","0","0.145582","3"
"640","0.666369","0.608725","0.645409","0","1","0.296671","1"
"641","0.414003","0.413733","0.353143","1","0","0.022481","1"
"642","0.15319","0.162059","0.097306","2","0","-0.093707","2"
"643","0.125282","0.078793","0.06913","3","0","0.020088","3"
"644","0.388827","0.369534","0.661003","0","0","0.514275","0"
"645","0.497554","0.445897","0.894946","1","0","0.775556","1"
"646","0.506208","0.394031","0.67841","2","1","0.581664","3"
"647","0.296095","0.24151","0.703789","3","0","0.566924","3"
"648","0.998865","0.81866","0.412992","0","1","0.190863","1"
"649","0.996655","0.911404","0.525044","1","1","0.136619","2"
"650","0.428465","0.407781","0.939542","2","0","0.746015","2"
"651","0.19585","0.242554","0.336535","3","0","0.121299","3"
"652","0.581027","0.502497","0.101593","0","1","0.017665","1"
"653","0.4052","0.330592","0.192656","1","0","0.118543","1"
"654","0.001808","0.016606","0.349014","2","0","0.192489","2"
"655","0.079676","0.125827","0.981691","3","0","0.948538","3"
"656","0.660869","0.506893","0.960365","0","1","0.985987","1"
"657","0.758977","0.653831","0.759225","1","1","0.685558","2"
"658","0.759457","0.618238","0.707454","2","1","0.517895","3"
"659","0.122532","0.059285","0.599344","3","0","0.260115","3"
"660","0.702896","0.569257","0.746654","0","1","0.465843","1"
"661","0.149889","0.100762","0.91196","1","0","0.923533","1"
"662","0.99942","0.860045","0.538729","2","1","0.334521","3"
"663","0.930857","0.864319","0.165953","3","1","0.011572","0"
"664","0.0764","0.046282","0.323013","0","0","0.024983","0"
"665","0.179318","0.195274","0.263223","1","0","0.165827","1"
"666","0.547218","0.507539","0.690117","2","1","0.535586","3"
"667","0.863286","0.757616","0.85556","3","1","0.702721","0"
"668","0.129435","0.035251","0.424514","0","0","0.130118","0"
"669","0.657974","0.5272","0.668641","1","1","0.521753","2"
"670","0.626884","0.566911","0.351008","2","1","0.039281","3"
"671","0.193365","0.233628","0.906734","3","0","0.850218","3"
"672","0.750638","0.6351","0.882596","0","1","0.868832","1"
"673","0.215956","0.262019","0.984094","1","0","0.950343","1"
"674","0.978819","0.855562","0.501916","2","1","0.239851","3"
"675","0.146939","0.195766","0.635734","3","0","0.297316","3"
"676","0.889838","0.759275","0.163397","0","1","0.028602","1"
"677","0.133256","0.159476","0.623794","1","0","0.361446","1"
"678","0.023501","0.037352","0.634479","2","0","0.501057","2"
"679","0.550353","0.48835","0.547587","3","1","0.341996","0"
"680","0.757191","0.71515","0.171516","0","1","0.173625","1"
"681","0.373947","0.267696","0.849372","1","0","0.615034","1"
"682","0.434158","0.345707","0.593024","2","0","0.248494","2"
"683","0.021358","0.034469","0.83974","3","0","0.852509","3"
"684","0.408085","0.319738","0.56901","0","0","0.182763","0"
"685","0.388528","0.323889","0.426583","1","0","0.070026","1"
"686","0.093797","0.12389","0.073854","2","0","0.029897","2"
"687","0.375493","0.381461","0.162046","3","0","0.005629","3"
"688","0.873479","0.77487","0.006798","0","1","0.142673","1"
"689","0.688626","0.628518","0.962233","1","1","0.788033","2"
"690","0.976889","0.761905","0.372865","2","1","0.151098","3"
"691","0.269591","0.210977","0.632742","3","0","0.305491","3"
"692","0.032509","0.014869","0.617451","0","0","0.525648","0"
"693","0.217177","0.144913","0.598469","1","0","0.307347","1"
"694","0.711268","0.666481","0.820264","2","1","0.612861","3"
"695","0.073353","0.105526","0.605031","3","0","0.297696","3"
"696","0.703704","0.563361","0.92297","0","1","0.706242","1"
"697","0.13716","0.08499","0.626547","1","0","0.376317","1"
"698","0.799097","0.607725","0.289944","2","1","-0.061234","3"
"699","0.354397","0.358398","0.920015","3","0","0.834745","3"
"700","0.687453","0.59217","0.592258","0","1","0.428182","1"
"701","0.741821","0.584797","0.907977","1","1","0.756926","2"
"702","0.754842","0.60388","0.371972","2","1","0.248872","3"
"703","0.07534","0.138777","0.46982","3","0","0.182288","3"
"704","0.603018","0.56641","0.800073","0","1","0.594103","1"
"705","0.350164","0.225096","0.371841","1","0","0.110055","1"
"706","0.314927","0.216847","0.974373","2","0","1.077573","2"
"707","0.545389","0.539775","0.236293","3","1","0.14321","0"
"708","0.963011","0.836582","0.425839","0","1","0.175667","1"
"709","0.056064","0.052501","0.011805","1","0","0.088857","1"
"710","0.708914","0.564132","0.007567","2","1","0.079614","3"
"711","0.362393","0.287316","0.434163","3","0","0.13728","3"
"712","0.32283","0.260429","0.681221","0","0","0.48036","0"
"713","0.083486","0.008706","0.510632","1","0","0.205429","1"
"714","0.545657","0.454707","0.143006","2","1","0.100685","3"
"715","0.725731","0.653611","0.286823","3","1","0.087832","0"
"716","0.395761","0.401253","0.472901","0","0","0.268486","0"
"717","0.857179","0.69913","0.486018","1","1","0.263578","2"
"718","0.269782","0.251348","0.040803","2","0","-0.045556","2"
"719","0.112124","0.022276","0.281413","3","0","0.193422","3"
"720","0.603862","0.529987","0.852969","0","1","0.836806","1"
"721","0.823648","0.733344","0.421887","1","1","0.163702","2"
"722","0.314949","0.337376","0.297029","2","0","0.212144","2"
"723","0.568689","0.414585","0.762843","3","1","0.558557","0"
"724","0.277946","0.215362","0.741169","0","0","0.666179","0"
"725","0.528812","0.445026","0.721009","1","1","0.620898","2"
"726","0.365427","0.27614","0.821432","2","0","0.537556","2"
"727","0.872926","0.694545","0.768293","3","1","0.519548","0"
"728","0.099437","0.030695","0.562352","0","0","0.428069","0"
"729","0.682421","0.611242","0.865454","1","1","0.891172","2"
"730","0.765134","0.623893","0.452972","2","1","0.223229","3"
"731","0.55058","0.391597","0.402736","3","1","0.164278","0"
"732","0.970808","0.755531","0.215616","0","1","0.007776","1"
"733","0.911985","0.7515","0.154077","1","1","0.138596","2"
"734","0.380871","0.323539","0.76759","2","0","0.439859","2"
"735","0.137345","0.129456","0.665083","3","0","0.456332","3"
"736","0.093541","0.129689","0.671193","0","0","0.302401","0"
"737","0.599257","0.547716","0.197232","1","1","0.012648","2"
"738","0.046269","-0.020774","0.395554","2","0","0.029215","2"
"739","0.386457","0.294285","0.911947","3","0","0.970455","3"
"740","0.798908","0.610572","0.777603","0","1","0.65186","1"
"741","0.703642","0.574457","0.832534","1","1","0.82672","2"
"742","0.2104","0.177543","0.280733","2","0","0.203261","2"
"743","0.366713","0.36555","0.692684","3","0","0.359826","3"
"744","0.873519","0.737149","0.787898","0","1","0.734599","1"
"745","0.589115","0.565977","0.016188","1","1","0.082335","2"
"746","0.475946","0.376504","0.652159","2","0","0.430241","2"
"747","0.02972","0.024685","0.276112","3","0","0.066915","3"
"748","0.481358","0.361684","0.53605","0","0","0.245272","0"
"749","0.593207","0.559108","0.922143","1","1","0.778649","2"
"750","0.318933","0.318443","0.868262","2","0","0.699436","2"
"751","0.705341","0.526864","0.824839","3","1","0.636435","0"
"752","0.559026","0.427543","0.024306","0","1","0.030158","1"
"753","0.445338","0.358309","0.406844","1","0","0.250338","1"
"754","0.869921","0.688451","0.298301","2","1","-0.045572","3"
"755","0.507848","0.498173","0.835828","3","1","0.828895","0"
"756","0.784337","0.656042","0.022968","0","1","0.099726","1"
"757","0.489375","0.417064","0.476786","1","0","0.362738","1"
"758","0.944884","0.812824","0.205602","2","1","0.108528","3"
"759","0.220252","0.118131","0.589158","3","0","0.392439","3"
"760","0.60638","0.588608","0.9711","0","1","0.79466","1"
"761","0.07379","-0.013504","0.897837","1","0","0.678466","1"
"762","0.162474","0.136474","0.420588","2","0","0.115367","2"
"763","0.740778","0.670167","0.791531","3","1","0.621453","0"
"764","0.952623","0.815199","0.861647","0","1","0.797148","1"
"765","0.391366","0.390935","0.215116","1","0","-0.079053","1"
"766","0.517462","0.464431","0.250945","2","1","-0.015106","3"
"767","0.84639","0.729426","0.652723","3","1","0.360276","0"
"768","0.230066","0.186773","0.530257","0","0","0.292197","0"
"769","0.878422","0.804339","0.910225","1","1","0.94446","2"
"770","0.999382","0.876385","0.358959","2","1","-0.000512","3"
"771","0.986965","0.792616","0.211937","3","1","-0.059077","0"
"772","0.452443","0.427493","0.07735","0","0","-0.036436","0"
"773","0.054971","0.008284","0.385862","1","0","0.116269","1"
"774","0.106891","0.088929","0.875166","2","0","0.86277","2"
"775","0.244162","0.164038","0.783851","3","0","0.617348","3"
"776","0.85812","0.659776","0.209058","0","1","-0.043139","1"
"777","0.346429","0.311214","0.216411","1","0","-0.090447","1"
"778","0.001149","0.030255","0.647686","2","0","0.27922","2"
"779","0.546928","0.400133","0.795423","3","1","0.574354","0"
"780","0.040347","0.080262","0.500322","0","0","0.331034","0"
"781","0.884493","0.707946","0.203864","1","1","0.144822","2"
"782","0.270516","0.218716","0.053838","2","0","-0.146125","2"
"783","0.422273","0.381707","0.037653","3","0","-0.083923","3"
"784","0.130834","0.064916","0.158437","0","0","0.108475","0"
"785","0.147097","0.17414","7.7E-05","1","0","-0.079191","1"
"786","0.472667","0.37896","0.725833","2","0","0.499019","2"
"787","0.702871","0.652534","0.227334","3","1","-0.004879","0"
"788","0.779892","0.708108","0.182427","0","1","0.106432","1"
"789","0.996558","0.867116","0.459085","1","1","0.257035","2"
"790","0.983266","0.906177","0.220636","2","1","-0.013543","3"
"791","0.786554","0.687791","0.601427","3","1","0.500763","0"
"792","0.005349","0.068798","0.46746","0","0","0.185066","0"
"793","0.584755","0.442391","0.317367","1","1","-0.037197","2"
"794","0.693398","0.556808","0.551261","2","1","0.201487","3"
"795","0.846409","0.662061","0.818507","3","1","0.532908","0"
"796","0.209502","0.133815","0.118389","0","0","-0.06403","0"
"797","0.255155","0.171917","0.898497","1","0","0.858822","1"
"798","0.533179","0.500345","0.556411","2","1","0.437532","3"
"799","0.060072","0.042978","0.514334","3","0","0.375911","3"
"800","0.105709","0.074163","0.393959","0","0","0.075827","0"
"801","0.325761","0.313171","0.455846","1","0","0.196553","1"
"802","0.023999","-0.05153","0.742229","2","0","0.534492","2"
"803","0.162712","0.18756","0.466598","3","0","0.117142","3"
"804","0.079302","0.000701","0.896823","0","0","0.85474","0"
"805","0.378063","0.354688","0.380277","1","0","0.026666","1"
"806","0.248488","0.268065","0.229823","2","0","-0.088678","2"
"807","0.522726","0.521149","0.231967","3","1","-0.042472","0"
"808","0.101784","0.014989","0.425133","0","0","0.166473","0"
"809","0.41657","0.388872","0.905924","1","0","0.896794","1"
"810","0.391676","0.28746","0.76084","2","0","0.582755","2"
"811","0.848054","0.722292","0.773675","3","1","0.468548","0"
"812","0.748565","0.691826","0.629882","0","1","0.295726","1"
"813","0.431245","0.365467","0.781312","1","0","0.678077","1"
"814","0.685618","0.660683","0.295085","2","1","-0.034143","3"
"815","0.600535","0.580822","0.698369","3","1","0.575329","0"
"816","0.762031","0.622688","0.871379","0","1","0.830575","1"
"817","0.413647","0.39131","0.355396","1","0","0.02832","1"
"818","0.179401","0.116729","0.329432","2","0","0.143692","2"
"819","0.16443","0.101173","0.195415","3","0","0.030631","3"
"820","0.720785","0.577432","0.78873","0","1","0.739948","1"
"821","0.384809","0.366738","0.816948","1","0","0.613546","1"
"822","0.931955","0.834855","0.327519","2","1","-0.006286","3"
"823","0.919001","0.725651","0.621483","3","1","0.444234","0"
"824","0.821041","0.738028","0.423815","0","1","0.322621","1"
"825","0.430162","0.390107","0.771459","1","0","0.5631","1"
"826","0.881692","0.826854","0.673779","2","1","0.334523","3"
"827","0.504822","0.438859","0.875955","3","1","0.764358","0"
"828","0.036288","0.010869","0.512109","0","0","0.355797","0"
"829","0.41859","0.340957","0.046954","1","0","0.13573","1"
"830","0.12356","0.153926","0.02304","2","0","-0.123631","2"
"831","0.588564","0.46098","0.626704","3","1","0.410134","0"
"832","0.17631","0.197253","0.583182","0","0","0.412286","0"
"833","0.44452","0.304986","0.282122","1","0","0.21439","1"
"834","0.135796","0.037211","0.88661","2","0","0.849386","2"
"835","0.8331","0.758639","0.646006","3","1","0.284124","0"
"836","0.766518","0.585172","0.27663","0","1","0.048592","1"
"837","0.24633","0.173336","0.341317","1","0","0.198724","1"
"838","0.016591","0.070601","0.805812","2","0","0.62147","2"
"839","0.965835","0.869697","0.566806","3","1","0.247765","0"
"840","0.419402","0.424572","0.42593","0","0","0.307909","0"
"841","0.079773","-0.004884","0.820385","1","0","0.749282","1"
"842","0.467459","0.425501","0.425827","2","0","0.190923","2"
"843","0.035802","-0.031651","0.696194","3","0","0.477953","3"
"844","0.20739","0.147419","0.749624","0","0","0.505516","0"
"845","0.541507","0.430135","0.847485","1","1","0.818729","2"
"846","0.308464","0.298038","0.022094","2","0","0.042101","2"
"847","0.429007","0.442014","0.637528","3","0","0.42714","3"
"848","0.082005","0.036365","0.756164","0","0","0.543935","0"
"849","0.720503","0.688624","0.89401","1","1","0.933093","2"
"850","0.230948","0.266616","0.33103","2","0","0.205732","2"
"851","0.665309","0.603638","0.742738","3","1","0.497779","0"
"852","0.693828","0.541711","0.375561","0","1","0.055909","1"
"853","0.247196","0.244274","0.492671","1","0","0.2643","1"
"854","0.114342","0.115299","0.090509","2","0","-0.124504","2"
"855","0.09636","0.053932","0.406973","3","0","0.264606","3"
"856","0.442336","0.367982","0.107018","0","0","-0.054656","0"
"857","0.404567","0.38501","0.704814","1","0","0.440777","1"
"858","0.773397","0.590345","0.373477","2","1","0.052628","3"
"859","0.908052","0.718994","0.491084","3","1","0.260882","0"
"860","0.283809","0.312418","0.403628","0","0","0.02895","0"
"861","0.437796","0.343614","0.76728","1","0","0.615519","1"
"862","0.042683","0.003133","0.71971","2","0","0.556981","2"
"863","0.280833","0.294672","0.918548","3","0","0.940923","3"
"864","0.005871","-0.014503","0.109503","0","0","0.029478","0"
"865","0.292764","0.315382","0.458648","1","0","0.357062","1"
"866","0.618509","0.516583","0.886352","2","1","0.897736","3"
"867","0.411686","0.376152","0.503004","3","0","0.28999","3"
"868","0.920825","0.826521","0.047451","0","1","0.060071","1"
"869","0.462093","0.375521","0.271714","1","0","0.126345","1"
"870","0.785223","0.625352","0.860641","2","1","0.796159","3"
"871","0.411987","0.275397","0.127057","3","0","0.122598","3"
"872","0.523704","0.397886","0.25701","0","1","0.155619","1"
"873","0.112917","0.059654","0.611393","1","0","0.47135","1"
"874","0.487799","0.404219","0.955866","2","0","0.929113","2"
"875","0.324466","0.22422","0.448075","3","0","0.212675","3"
"876","0.055846","0.080936","0.669569","0","0","0.368337","0"
"877","0.144678","0.100877","0.15704","1","0","0.094909","1"
"878","0.717369","0.653455","0.703111","2","1","0.474002","3"
"879","0.221693","0.200764","0.230972","3","0","0.050784","3"
"880","0.853805","0.701736","0.587964","0","1","0.242105","1"
"881","0.298397","0.255292","0.865316","1","0","0.691602","1"
"882","0.774488","0.611104","0.948709","2","1","0.901917","3"
"883","0.836777","0.687355","0.84069","3","1","0.657903","0"
"884","0.682993","0.601186","0.697275","0","1","0.558918","1"
"885","0.417888","0.388833","0.799165","1","0","0.598664","1"
"886","0.895128","0.693847","0.470449","2","1","0.194264","3"
"887","0.838325","0.729131","0.840839","3","1","0.634059","0"
"888","0.378839","0.353636","0.943484","0","0","0.961114","0"
"889","0.098061","0.041957","0.022971","1","0","-0.092314","1"
"890","0.159228","0.128767","0.399737","2","0","0.06858","2"
"891","0.952108","0.872872","0.855655","3","1","0.845149","0"
"892","0.352521","0.339504","0.43592","0","0","0.197352","0"
"893","0.601961","0.443437","0.834608","1","1","0.562962","2"
"894","0.877793","0.707652","0.983351","2","1","1.065363","3"
"895","0.784137","0.661893","0.100534","3","1","0.140202","0"
"896","0.345242","0.233837","0.948106","0","0","1.016893","0"
"897","0.14305","0.079846","0.614088","1","0","0.42511","1"
"898","0.455992","0.400904","0.438482","2","0","0.047712","2"
"899","0.340272","0.27556","0.514203","3","0","0.126246","3"
"900","0.573069","0.416274","0.2045","0","1","0.012542","1"
"901","0.091709","0.102731","0.079049","1","0","0.019518","1"
"902","0.869921","0.796826","0.643","2","1","0.297862","3"
"903","0.763423","0.633932","0.413335","3","1","0.038454","0"
"904","0.928629","0.845451","0.525244","0","1","0.127082","1"
"905","0.728267","0.656408","0.004088","1","1","0.071547","2"
"906","0.196833","0.098256","0.089108","2","0","-0.093016","2"
"907","0.251418","0.248004","0.055412","3","0","-0.037852","3"
"908","0.568794","0.444256","0.220075","0","1","0.072324","1"
"909","0.04325","0.091473","0.068703","1","0","-0.065422","1"
"910","0.29324","0.172994","0.583157","2","0","0.340087","2"
"911","0.755378","0.705527","0.124377","3","1","-0.121733","0"
"912","0.03209","-0.0384","0.524497","0","0","0.369605","0"
"913","0.663476","0.533747","0.410555","1","1","0.18925","2"
"914","0.47087","0.353131","0.318851","2","0","-0.047554","2"
"915","0.010623","-0.02412","0.491387","3","0","0.335814","3"
"916","0.928632","0.796684","0.495119","0","1","0.258147","1"
"917","0.158456","0.057158","0.826755","1","0","0.791503","1"
"918","0.683305","0.614531","0.584535","2","1","0.235214","3"
"919","0.980716","0.910898","0.23358","3","1","-0.073704","0"
"920","0.19251","0.104656","0.025769","0","0","0.06874","0"
"921","0.965889","0.853024","0.899341","1","1","0.706286","2"
"922","0.908869","0.709941","0.685898","2","1","0.537775","3"
"923","0.863131","0.694553","0.839339","3","1","0.795046","0"
"924","0.290343","0.258218","0.208863","0","0","-0.028298","0"
"925","0.578462","0.553165","0.353251","1","1","0.036386","2"
"926","0.509053","0.37377","0.229596","2","1","-0.073603","3"
"927","0.699793","0.608947","0.166096","3","1","-0.051225","0"
"928","0.335795","0.335041","0.133116","0","0","0.163176","0"
"929","0.359998","0.361777","0.565893","1","0","0.179022","1"
"930","0.795004","0.69727","0.387676","2","1","0.14206","3"
"931","0.717989","0.689778","0.291045","3","1","0.187897","0"
"932","0.328965","0.336383","0.908908","0","0","0.90767","0"
"933","0.662162","0.561877","0.722796","1","1","0.624212","2"
"934","0.141567","0.075191","0.926055","2","0","0.928466","2"
"935","0.767619","0.645827","0.621173","3","1","0.458688","0"
"936","0.097633","0.065164","0.871476","0","0","0.828474","0"
"937","0.029248","0.015558","0.270715","1","0","0.140622","1"
"938","0.360244","0.300648","0.542127","2","0","0.201137","2"
"939","0.718771","0.608931","0.411644","3","1","0.084853","0"
"940","0.232801","0.237877","0.287757","0","0","0.170069","0"
"941","0.311329","0.27665","0.816412","1","0","0.700428","1"
"942","0.639122","0.59818","0.970832","2","1","0.922697","3"
"943","0.348025","0.257689","0.112326","3","0","-0.085234","3"
"944","0.929229","0.769833","0.891707","0","1","0.899095","1"
"945","0.902442","0.81743","0.26678","1","1","-0.061353","2"
"946","0.467053","0.382852","0.130317","2","0","-0.097007","2"
"947","0.257541","0.158188","0.303207","3","0","0.160912","3"
"948","0.43871","0.373462","0.999861","0","0","0.99368","0"
"949","0.871198","0.729549","0.667561","1","1","0.380004","2"
"950","0.296347","0.186438","0.775604","2","0","0.469086","2"
"951","0.427427","0.343541","0.007913","3","0","-0.075562","3"
"952","0.280454","0.200235","0.291425","0","0","0.183048","0"
"953","0.036719","0.001701","0.640832","1","0","0.550471","1"
"954","0.473039","0.373896","0.691725","2","0","0.382788","2"
"955","0.404803","0.320956","0.455094","3","0","0.157885","3"
"956","0.850344","0.802029","0.113365","0","1","-0.032699","1"
"957","0.608833","0.485929","0.78181","1","1","0.539728","2"
"958","0.460263","0.39925","0.093704","2","0","-0.103168","2"
"959","0.175887","0.170436","0.756301","3","0","0.559734","3"
"960","0.753892","0.695141","0.163691","0","1","0.166629","1"
"961","0.041651","0.066316","0.293423","1","0","0.175461","1"
"962","0.684295","0.502742","0.537472","2","1","0.192718","3"
"963","0.343729","0.352397","0.250432","3","0","0.165092","3"
"964","0.420145","0.310415","0.754978","0","0","0.514211","0"
"965","0.01268","0.033032","0.028261","1","0","0.000392","1"
"966","0.988791","0.819161","0.999889","2","1","1.132682","3"
"967","0.090665","0.123487","0.188728","3","0","0.100639","3"
"968","0.060902","0.040106","0.864693","0","0","0.670027","0"
"969","0.615512","0.490268","0.389343","1","1","0.168664","2"
"970","0.420161","0.383356","0.197354","2","0","-0.089643","2"
"971","0.774987","0.725609","0.123161","3","1","-0.071882","0"
"972","0.217286","0.217764","0.708914","0","0","0.478831","0"
"973","0.548229","0.457428","0.316761","1","1","0.168027","2"
"974","0.524605","0.522286","0.340938","2","1","-0.021233","3"
"975","0.926622","0.820783","0.75019","3","1","0.561454","0"
"976","0.747339","0.574209","0.290086","0","1","0.077861","1"
"977","0.823312","0.655934","0.635306","1","1","0.262854","2"
"978","0.460714","0.454631","0.651153","2","0","0.518598","2"
"979","0.364392","0.345518","0.567725","3","0","0.432001","3"
"980","0.08195","0.105774","0.15697","0","0","-0.010835","0"
"981","0.482035","0.356691","0.369225","1","0","0.209569","1"
"982","0.418234","0.39014","0.70149","2","0","0.42446","2"
"983","0.412018","0.371063","0.252503","3","0","0.114749","3"
"984","0.490141","0.388463","0.168302","0","0","0.023796","0"
"985","0.004591","-0.014255","0.438903","1","0","0.21723","1"
"986","0.483173","0.484328","0.675891","2","0","0.575952","2"
"987","0.42286","0.337229","0.631133","3","0","0.535393","3"
"988","0.617281","0.598259","0.111694","0","1","0.093371","1"
"989","0.024461","-0.057043","0.325462","1","0","0.06936","1"
"990","0.121577","0.033069","0.374429","2","0","0.026744","2"
"991","0.918799","0.799985","0.951166","3","1","0.81718","0"
"992","0.020855","-0.010244","0.22393","0","0","-0.041029","0"
"993","0.243704","0.264915","0.238755","1","0","0.099918","1"
"994","0.770451","0.718656","0.143748","2","1","0.112507","3"
"995","0.40903","0.319081","0.271433","3","0","0.159806","3"
"996","0.340251","0.314381","0.759627","0","0","0.517131","0"
"997","0.292691","0.272069","0.860646","1","0","0.640116","1"
"998","0.15477","0.109687","0.945907","2","0","0.933789","2"
"999","0.378101","0.347495","0.264697","3","0","0.079667","3"
"1000","0.057107","0.108737","0.751983","0","0","0.475158","0"
